landlord_id,email,password,first_name,last_name,phone
1,btarzey0@networksolutions.com,"dyB/'gF""=FaAn",Bruis,Tarzey,161-270-8442
2,kjakes1@wufoo.com,kW5_`7\$\yj#S_,Kathrine,Jakes,448-286-0977
3,ecasterot2@wunderground.com,"a+,C(pr{Vx&\d`r",Emelina,Casterot,591-486-2333
4,sschinetti3@furl.net,"iS""UP`Z9HCJi",Shandra,Schinetti,985-307-4062
5,akibblewhite4@epa.gov,rC_tyA>+b&5g,Augusto,Kibblewhite,794-857-5035
6,hodonoghue5@ca.gov,vb#gc40>>9N8Uy2%,Hilary,O'Donoghue,520-823-6045
7,msprigin6@photobucket.com,f1mO=.<>,Melisande,Sprigin,595-773-3209
8,ldain7@sina.com.cn,y&\1GW~3u6P?%n9%,Lissa,Dain,173-507-0812
9,mweddeburnscrimgeour8@newyorker.com,hDq+N|9$P$NQ},Micky,Weddeburn - Scrimgeour,697-653-7335
10,smustin9@google.cn,wNgb&9hSjm,Sloan,Mustin,508-334-6802
11,kbeediea@china.com.cn,vE.+Ul6/P,Kaylil,Beedie,666-712-1725
12,afortonb@godaddy.com,ph`9+TP_C>ylOir,Abeu,Forton,552-724-4630
13,asongistc@wordpress.com,"jV""&azy$TDV0",Archie,Songist,397-505-1518
14,fandrinid@webs.com,lV=W<banX,Fulton,Andrini,
15,iethersone@etsy.com,"abWvq,tKWA+%,.",Inga,Etherson,
16,bbosencef@kickstarter.com,"u)QbI""}F",Bernadina,Bosence,222-923-4638
17,ckemittg@nba.com,up%1o%<U),Cloe,Kemitt,121-843-9591
18,oheadleyh@hostgator.com,"ipC,=AN~sRZ{?",Orelee,Headley,264-583-2363
19,scowini@goo.gl,gGV}u%@S`z,Shelagh,Cowin,624-253-7851
20,tkitchenerj@youtube.com,lr%0RHM}m&s,Timmie,Kitchener,
21,mgarrettsonk@hp.com,eia~8yJq{),Marcello,Garrettson,708-562-0941
22,mflookl@bloglovin.com,oyyxSih3OyU,Mathias,Flook,294-983-5908
23,dglasscoom@hud.gov,ueo?bx|rP@,Daryl,Glasscoo,423-709-3233
24,tprevostn@go.com,gGd0d?HQ,Terrence,Prevost,130-896-2918
25,wcampeyo@mapquest.com,u?Rc/aU6nnV,Wain,Campey,202-108-6090
26,aspringatep@abc.net.au,"g3@f)~""V%w~",Annaliese,Springate,116-121-6270
27,lnathanq@clickbank.net,ph{F8{pf){a>,Lanae,Nathan,289-371-8304
28,rabrahamsohnr@blogger.com,"v>GT(93X,L`K0Ps+",Rosina,Abrahamsohn,
29,dbyrdes@aol.com,"no2A,Ho&_yr>?iRg",Dell,Byrde,748-118-5386
30,nlurrimant@aboutads.info,y71i@5q6M3,Nady,Lurriman,271-603-3764
31,ckaasmannu@rambler.ru,d<|QA4M{!`,Chastity,Kaasmann,249-898-5104
32,overnv@nydailynews.com,o3>go>L/td,Ogdan,Vern,
33,dcurseyw@unicef.org,mbtxZjQL@9?,Dickie,Cursey,998-414-5725
34,aattreex@techcrunch.com,"f4\wcj<,(HZQbvJC",Arlana,Attree,280-283-0683
35,ehuntlyy@oracle.com,e8U1s)Vu/V6naRFX,Emlyn,Huntly,862-665-3264
36,dszimonz@timesonline.co.uk,l<tAs=lX*Yv'>MK,Dahlia,Szimon,393-774-1806
37,vmccaull10@jalbum.net,klnAkuu\avGy$w,Vania,Mccaull,
38,abaggaley11@chicagotribune.com,qz4oiqUB\tRb'D`\,Abba,Baggaley,465-677-8810
39,jlumly12@amazon.co.uk,n~MVCUz1\DxB2r,Jeffry,Lumly,215-902-4527
40,lmoyne13@istockphoto.com,yaTT6#1YCL,Lexine,Moyne,974-952-5993
41,czumbusch14@360.cn,"r5"")YK\'i$",Cosme,Zumbusch,715-747-2808
42,hfronsek15@va.gov,q<%7v63sLe_,Hurleigh,Fronsek,925-588-4477
43,crandalston16@techcrunch.com,zJ1FZl670MK,Claus,Randalston,880-390-7118
44,ipippin17@nbcnews.com,nHELx`OKz,Inness,Pippin,926-111-9175
45,eknill18@intel.com,jo_M%'h>,Englebert,Knill,391-358-6368
46,ebarmby19@geocities.jp,rqK=px2Va/F17,Esther,Barmby,136-145-9858
47,cortell1a@uiuc.edu,hB=XL36s,Cirstoforo,Ortell,732-268-8834
48,trowlatt1b@privacy.gov.au,d'$3(2R$mL5,Trula,Rowlatt,397-794-4864
49,bcreamer1c@t-online.de,hDum8mBl%7!Y\.5g,Bab,Creamer,570-839-8661
50,mhullbrook1d@technorati.com,rj`v`vxO2.TVrG,Monte,Hullbrook,878-483-6576
51,pblaza1e@zimbio.com,l~#vIQgRb<ULa|0&,Pebrook,Blaza,397-148-5328
52,tlovart1f@usda.gov,b~fA6)R=kTb+LlV,Tamar,Lovart,996-242-7256
53,atizzard1g@amazon.co.uk,l?}g?I(fy,Ario,Tizzard,352-618-0209
54,cliversage1h@angelfire.com,jeH3htVzB`@=8E~,Cthrine,Liversage,859-668-5139
55,eshirtliff1i@parallels.com,oOrE=v)N*W},Egon,Shirtliff,212-548-8003
56,lpaulich1j@addthis.com,b7n8UkaA,Luise,Paulich,
57,oivain1k@imdb.com,"lfoPRi)C,Y#nC",Orel,Ivain,307-132-5526
58,thegdonne1l@netlog.com,jR=&BO_kVL,Therine,Hegdonne,512-757-2928
59,epeck1m@phoca.cz,qTZHI=w2T,Ettore,Peck,389-811-7071
60,hklaaassen1n@bizjournals.com,dg%aE5SA,Hailey,Klaaassen,373-184-8166
61,mcromett1o@jigsy.com,juFNq`xP,Marley,Cromett,487-979-7758
62,alassells1p@upenn.edu,"o*5_""0_ORY",August,Lassells,172-295-9467
63,ggopsill1q@1688.com,r!f)J|HW~Zq&CC,Gustave,Gopsill,
64,ckaysor1r@cam.ac.uk,wYt$u9*jRnf,Caldwell,Kaysor,619-684-0942
65,ahuckell1s@dot.gov,h&srsi+*bE*Y,Audrye,Huckell,626-480-3559
66,aaikin1t@nba.com,"j|Rs"")R.",Archaimbaud,Aikin,421-130-0635
67,ecaswell1u@qq.com,dYnbuqATCnM,Evanne,Caswell,820-537-0403
68,tgarlett1v@lycos.com,xn$LqN8+pzLN+,Thedrick,Garlett,565-829-5726
69,ebutt1w@shop-pro.jp,eB'+_wUs8sTLdR2z,Ewen,Butt,417-631-1364
70,rbohlin1x@dot.gov,x#fuT5_r'=6e,Ricardo,Bohlin,
71,dgynn1y@pcworld.com,cf|O|f@aj@9,Donovan,Gynn,530-986-4039
72,cstreat1z@theglobeandmail.com,cJIwT2_v>,Conney,Streat,430-133-2857
73,gfloyde20@devhub.com,y*)1)P&LfT~M,Gustaf,Floyde,683-222-8508
74,lloxley21@networksolutions.com,is>vWas.OGhvR*c,Linoel,Loxley,495-148-6042
75,mtethcote22@dagondesign.com,kXGI@${EN&eKe3cC,Malissia,Tethcote,925-173-4075
76,gskerratt23@mashable.com,hgA_mLA>|!#|r,Gerrilee,Skerratt,139-549-9834
77,gmargach24@vimeo.com,tIMci93Z,Guenna,Margach,126-596-4427
78,myeats25@acquirethisname.com,n{*BXR\}FRnZ7f=,Mannie,Yeats,602-310-8151
79,rstebbings26@apple.com,q+X~V`z9XFhKE,Reuven,Stebbings,423-100-5651
80,nfrancescotti27@slideshare.net,nmxJf=%U~$s50Y%,Neilla,Francescotti,311-611-7896
81,amatthiesen28@umn.edu,xk2H+.{y),Adair,Matthiesen,584-993-0266
82,centwistle29@phpbb.com,hNvm@D9E,Cindy,Entwistle,802-214-8301
83,mphillps2a@xinhuanet.com,i$EIVWFx.+LVj,Morse,Phillps,310-784-2089
84,cdrysdale2b@infoseek.co.jp,zDiGUY/?,Cybil,Drysdale,589-856-5873
85,cpammenter2c@purevolume.com,nd|5k{TzPBx9,Cecile,Pammenter,341-563-3443
86,zalp2d@unblog.fr,oY8G+7hD/nX$1&T5,Zacharias,Alp,193-747-1127
87,eanfusso2e@1und1.de,b=N$MWA'b,Erin,Anfusso,607-223-9343
88,mrutledge2f@goodreads.com,e=}g*+}C??F1+E,Morrie,Rutledge,692-517-3464
89,aemm2g@elegantthemes.com,wwtMvlN_OGeF(,Adolpho,Emm,710-392-2163
90,eganiford2h@symantec.com,"vT|G16'?,e3W'V",Ediva,Ganiford,460-188-9014
91,sstuchburie2i@webnode.com,p=c7y39}jIlb',Starlin,Stuchburie,851-413-2688
92,acorderoy2j@sfgate.com,yC3y'o.%,Alexandr,Corderoy,774-349-2980
93,jbezemer2k@ibm.com,c+aqQ#MIp,Julie,Bezemer,348-241-7451
94,sbonas2l@weather.com,mV@9%|fr,Stillmann,Bonas,167-772-8599
95,mstarte2m@vimeo.com,s+YFjuJNN,Maureen,Starte,567-281-1873
96,vlundberg2n@facebook.com,xJKRYrN*{Ht6,Vladamir,Lundberg,991-204-8853
97,gditer2o@hibu.com,g1Xc5ed|=b~<u,Granville,Diter,528-737-1370
98,rcissen2p@nature.com,sgi_DnHe\VZ8h`,Rip,Cissen,701-821-7441
99,lcrose2q@omniture.com,f{|ut2|(i5{,Lorry,Crose,706-475-7790
100,mjones2r@wunderground.com,gtnO0W#sx$(,Maurizia,Jones,632-451-3233
101,kbosworth2s@networksolutions.com,"p7!4e+Qm"".be",Krispin,Bosworth,511-554-1984
102,iperree2t@imgur.com,m1B+OLWY?,Isobel,Perree,337-737-0268
103,bleprovost2u@washingtonpost.com,lQAQ}vU}S\M'#D,Blake,Le Provost,
104,mfluck2v@youtu.be,ogXT8_bra@p,Mireielle,Fluck,
105,cglader2w@washington.edu,ej/?JLW6,Courtney,Glader,
106,jpennino2x@netscape.com,sv1xt<m%a&k4~Vj,Joni,Pennino,406-226-6902
107,kgammill2y@ebay.co.uk,lU|{L=y{qqRv+,Kathe,Gammill,321-669-3665
108,jtrebbett2z@moonfruit.com,lI}Z<*I=.,Joy,Trebbett,392-357-5683
109,ethornewell30@geocities.com,h26Jas_oxb,Elli,Thornewell,511-543-8151
110,cditty31@deviantart.com,i7DC/L@iySo,Clemens,Ditty,164-281-3866
111,dpacher32@opensource.org,xudPmP'3y<n@b,Dallon,Pacher,873-173-8476
112,rhuckin33@mail.ru,e?Nv)\p6nmc0,Reiko,Huckin,
113,amackeller34@odnoklassniki.ru,x{7)7I=G>kQ?&,Anita,MacKeller,538-360-0090
114,aspensly35@skype.com,"ie9,Pw"">4",Aluino,Spensly,193-316-2333
115,soutridge36@vimeo.com,"h,NLrhG(3Jd7m",Selig,Outridge,202-288-0908
116,ajeanet37@dot.gov,g`+SzEIhLvd+,Averyl,Jeanet,930-659-9697
117,agerrels38@constantcontact.com,xATg(`2U,Alley,Gerrels,889-201-8869
118,dsteenson39@lycos.com,"pzh!tO,N#5|lhI",Donnajean,Steenson,447-650-2885
119,laddyman3a@boston.com,av|Apbc9411l|V=,Lavinie,Addyman,505-897-0465
120,mchittleburgh3b@ibm.com,"tO3#=x,%!AXn+",Meggi,Chittleburgh,839-140-8890
121,mwillment3c@nbcnews.com,yp'pcyVCepHrNpU,Mellisent,Willment,161-158-2919
122,dgooderham3d@google.ru,zjVyK/(Q(8&QKbB,Dominique,Gooderham,614-346-9376
123,ekiossel3e@shop-pro.jp,"jzB~,9oTk+fSMT",Evy,Kiossel,966-807-0441
124,gmaccarrane3f@bloomberg.com,jKm&coz2(x+#L3h),George,MacCarrane,
125,mcammidge3g@oaic.gov.au,oxP2/*&}dL)m,Martina,Cammidge,
126,lluna3h@usda.gov,d%+/Oz9J_QF~sa*R,Leigh,Luna,615-462-2265
127,dbreeder3i@sfgate.com,p&M>t\@},Den,Breeder,
128,yborzoni3j@dion.ne.jp,"ar~tX(v3#Std,BZV",Yves,Borzoni,405-530-3882
129,syard3k@nps.gov,se~H#y4dt_F_+xwz,Sindee,Yard,
130,jharsnep3l@bravesites.com,tIT'nO>=)p,Janot,Harsnep,
131,aellinor3m@acquirethisname.com,yHLOB#{Fg0We,Abey,Ellinor,116-110-7046
132,pludlow3n@nih.gov,htv9Pn#M,Pammie,Ludlow,946-145-3294
133,bchristophersen3o@google.co.jp,"o""bZT&1|",Bail,Christophersen,271-497-3213
134,mfutty3p@sun.com,"g|SuC4iKdbK""c#0",Mylo,Futty,551-970-7056
135,kdabrowski3q@techcrunch.com,sIcnRDxCT}w,Kathryne,Dabrowski,717-473-8996
136,ecreavan3r@wix.com,a=>3e@xo,Elvyn,Creavan,949-204-4412
137,bvian3s@vistaprint.com,egY8o*H_aN?fFF,Bernie,Vian,740-976-6568
138,mcoche3t@4shared.com,gZ)8(22),Monah,Coche,358-381-5804
139,mmacguiness3u@odnoklassniki.ru,gY'u>d*aS7QE%z,Mayer,MacGuiness,627-682-5762
140,bcostelloe3v@examiner.com,x_}_TYdi4g+'|W,Bear,Costelloe,178-126-2716
141,nolesen3w@auda.org.au,qBi\k.\)b_S0,Nefen,Olesen,404-755-7055
142,yhundy3x@toplist.cz,hN>6+rB$b|gZaa*,Yorke,Hundy,119-269-7424
143,nwisden3y@oakley.com,oxsRv!9M,Novelia,Wisden,619-369-1932
144,ncrocker3z@google.nl,qI1OV2ueM=y,Novelia,Crocker,
145,cbobasch40@theglobeandmail.com,a<9P\OPUKgAALkh,Collette,Bobasch,152-131-3118
146,anesey41@google.co.jp,p@xBeGf},Alexandra,Nesey,102-586-9960
147,bitzkovwitch42@adobe.com,n.gnAmEex,Benson,Itzkovwitch,260-109-2696
148,mswinden43@indiegogo.com,p6tZL7Og,Modestine,Swinden,960-944-7033
149,ograver44@histats.com,"baYI/Yp,'e",Othella,Graver,780-950-0432
150,dgyurkovics45@e-recht24.de,pkYJjt&K,Dedie,Gyurkovics,209-889-4828
151,cshenfisch46@desdev.cn,v64cs53$Xi2cR,Celinka,Shenfisch,366-874-5343
152,rbrigginshaw47@hatena.ne.jp,qHFuTccem$_8,Rodrick,Brigginshaw,366-226-5169
153,gdale48@who.int,y$0nH|+b#z,Garreth,Dale,463-490-4107
154,flamke49@prnewswire.com,"chO5""r!+""c%Ot'Ui",Flossy,Lamke,670-184-1982
155,swaiting4a@diigo.com,pz(?Ez`+Ld\FX,Shirl,Waiting,619-842-2631
156,ewillingale4b@unesco.org,"vGm,8,HNQ0FC.{f}",Enrica,Willingale,798-742-4800
157,bhouston4c@webeden.co.uk,v~|O6Dfo,Byrom,Houston,165-773-4139
158,cstollhofer4d@nsw.gov.au,zn5$<!m@ZC,Craggie,Stollhofer,524-380-7023
159,ngoldster4e@canalblog.com,"vrxps{\Gk$rA&,U",Nellie,Goldster,879-965-4409
160,mshotter4f@geocities.com,l7JwaWG=f%J\,Margo,Shotter,147-620-3248
161,tdenslow4g@jimdo.com,a1KA(29(@B,Torrie,Denslow,663-344-3497
162,vcosbee4h@europa.eu,"zn,"")heM",Vlad,Cosbee,964-498-3183
163,dchastey4i@ucoz.ru,m*21ah7|V,Dominique,Chastey,
164,stoe4j@tinypic.com,k}71ANI|L,Sandor,Toe,
165,fmcpake4k@nih.gov,r@\<iK5!N\\\1fuu,Fitzgerald,Mc Pake,179-680-9800
166,sedmonstone4l@vk.com,o=7n$\$V,Stephan,Edmonstone,556-225-9170
167,fbalfre4m@independent.co.uk,g4Genkr*c2@!xat,Fleur,Balfre,996-299-7104
168,hcoleford4n@adobe.com,"a""R%>BVv>>NP3uDw",Hoyt,Coleford,181-915-9378
169,ewingfield4o@about.com,ytU1fbMUoe2t,Eba,Wingfield,
170,lwalasik4p@facebook.com,q'%5.7H8(Fq(t7,Lillian,Walasik,195-431-9150
171,cclive4q@about.com,fTz/KO&Q,Christen,Clive,869-431-7980
172,ntchir4r@free.fr,qXie6mc4A,Norry,Tchir,998-185-3499
173,ksnelgrove4s@godaddy.com,w9cr%z_L7Si,Katie,Snelgrove,982-822-6051
174,wpankhurst4t@reuters.com,rSL$>s{},Winonah,Pankhurst.,174-235-4103
175,kbachshell4u@a8.net,"ydYas},I""n",Katrinka,Bachshell,680-664-8810
176,kfarlham4v@techcrunch.com,e3UpT!*yGu0\bV,Kailey,Farlham,617-214-2600
177,lezzell4w@hostgator.com,d@!0A<x4{Bk|o,Laurianne,Ezzell,689-751-6046
178,grossborough4x@va.gov,a$~fsqrEwwL,Grace,Rossborough,413-219-2060
179,fpeagrim4y@sogou.com,jQW{!P.l<4),Frederigo,Peagrim,795-682-0404
180,agrent4z@craigslist.org,husvRcg9z81,Ainsley,Grent,
181,rhandrok50@wp.com,m5>V/2A\.Nz%g,Regen,Handrok,894-123-7006
182,ryorath51@apple.com,"q""BLsAEb",Romy,Yorath,659-363-5852
183,pfasler52@symantec.com,"u%=5>,7""HBSTfdHd",Petunia,Fasler,166-535-8422
184,alansdale53@sourceforge.net,lY`3|7FWCV~g,Aubert,Lansdale,312-831-3903
185,pmuncer54@elegantthemes.com,g\ira)kx273<,Pammi,Muncer,670-868-8708
186,rfeldmann55@vk.com,aMCZ_Ais~~,Roxie,Feldmann,974-599-3308
187,tcoats56@comcast.net,"xYruNvWK(mu,",Tybie,Coats,756-460-1119
188,jdelaprelle57@barnesandnoble.com,xi41uFN.)g_t,Justino,Delaprelle,239-983-8092
189,jspatoni58@dion.ne.jp,"kFa'cpc'DxA,6So",Jeromy,Spatoni,970-821-3468
190,lhysom59@t-online.de,pVHSzm/x0|Gc!i,Laurence,Hysom,203-423-7408
191,ciskowicz5a@paginegialle.it,"vT)l""7%GIh6T{w",Caddric,Iskowicz,206-659-7081
192,lkerss5b@cdbaby.com,lk$E*6/i,Lionel,Kerss,377-157-8431
193,dovill5c@rambler.ru,"fq_1TOqcw""g(6tU1",Dani,Ovill,448-776-0072
194,stwigley5d@dyndns.org,o*eAl9}Cp,Sibyl,Twigley,319-481-0156
195,kvenable5e@ed.gov,q+O<W!*Kfi*T`M@,Knox,Venable,979-354-6964
196,rorrett5f@cdc.gov,hj)OKq!Y*,Reynold,Orrett,986-169-8195
197,mkiffin5g@cyberchimps.com,"mgw""A#,(IJV",Mort,Kiffin,914-629-5201
198,fwooddisse5h@washingtonpost.com,cBfJ{FB/,Fleur,Wooddisse,
199,wsayers5i@umn.edu,rRjdLBxqoyS`,Wendie,Sayers,701-886-2165
200,rsherar5j@bbc.co.uk,chC&gPv.E&,Renaldo,Sherar,542-995-0651
201,fbaxill5k@zimbio.com,m'QVmCUX1G%+O,Frayda,Baxill,402-637-5863
202,rceely5l@cpanel.net,"uW(D""Q+wtd\",Rena,Ceely,158-290-8668
203,ctuckley5m@nationalgeographic.com,wN|oKqmRoZ<,Corbet,Tuckley,193-546-3005
204,hfulham5n@typepad.com,r.M2t+ne/,Henriette,Fulham,195-391-6261
205,dvanderkruijs5o@surveymonkey.com,cV0n|<LFxJ?>=,Darn,Van der Kruijs,476-824-8873
206,bwinnett5p@topsy.com,dn8JfNN3#,Bertina,Winnett,757-427-1418
207,nabriani5q@sfgate.com,"y(xZu!}""\e.N",Nedda,Abriani,305-196-5168
208,qjenney5r@craigslist.org,"q4/H$,'f$0dig#tB",Quinn,Jenney,770-570-6930
209,lcarstairs5s@timesonline.co.uk,xlli}fqlD@Q!,Lynett,Carstairs,103-956-7635
210,msmallwood5t@shinystat.com,bkEDi0m!=o/~9x%,Monroe,Smallwood,761-765-9473
211,dwillmett5u@nbcnews.com,h>8&q{A.*,Donelle,Willmett,575-877-5381
212,clawley5v@epa.gov,w~ok#3vv3,Constancia,Lawley,961-959-7808
213,gbangs5w@skyrock.com,sbF5a5PLRBao%>,Gertrud,Bangs,693-417-6215
214,evass5x@shop-pro.jp,itj%kowko,Eolanda,Vass,
215,odonativo5y@dailymotion.com,r<}}`Z8k~)hMlm,Orin,Donativo,196-565-9521
216,bsowrah5z@trellian.com,g@?Qv8hziE&},Barbara,Sowrah,101-320-2252
217,tvickerman60@godaddy.com,"zO*0Vn?Wm)2x,H",Toni,Vickerman,436-927-7063
218,shourican61@dagondesign.com,pCBUVYLhOz>7lC`@,Sherman,Hourican,805-736-6612
219,mgalfour62@squidoo.com,t0rdMUUre=b!G,Maximo,Galfour,881-223-0633
220,ddickens63@house.gov,bV}e7h_MD!,Dalli,Dickens,443-989-6163
221,ydorrington64@soup.io,v8W}G1C<WZ1a,Yolanda,Dorrington,522-653-2458
222,rtyrer65@goodreads.com,f*\PX)+@Ivju*Z,Roxi,Tyrer,228-770-3083
223,gvanderlinde66@phoca.cz,x<8O!eR?(Gtc\,Garrett,Van der Linde,984-641-4108
224,mscothern67@issuu.com,"nD"".8U@PBh)qaf*",Matthaeus,Scothern,781-770-9724
225,ycorrett68@vinaora.com,cfXiE|b~,Yulma,Corrett,843-501-3338
226,mcassar69@webeden.co.uk,"uC,GGc""0.",Miran,Cassar,578-357-1152
227,ktilt6a@printfriendly.com,f7/.rm#81IjORL,Kristel,Tilt,995-729-8425
228,achurchouse6b@quantcast.com,wck#mC.I(kr*R$5,Aileen,Churchouse,383-715-6363
229,kmcgeneay6c@usatoday.com,"rMq_MQr""TSB7&R3(",Kurt,McGeneay,531-546-0551
230,zrozycki6d@wired.com,iuLaux#6O\=MID`5,Zacherie,Rozycki,192-650-4749
231,lphillput6e@yandex.ru,bux<93h7=BN*,Lizette,Phillput,744-612-0671
232,cleverage6f@taobao.com,f)X(/3Md,Charlean,Leverage,420-745-6056
233,jhales6g@chicagotribune.com,pvs*z5d>Fd)f/,Jordana,Hales,540-169-3387
234,mloughton6h@wikimedia.org,e}3Fe|pdjK7eZN&,Mycah,Loughton,924-434-8810
235,wnewton6i@jugem.jp,xm7rtk#`JqPj6yz,Wyatan,Newton,392-483-1279
236,ckohnert6j@gizmodo.com,"w/w1yy,&o.}",Carmen,Kohnert,537-251-0629
237,ehaddleston6k@stanford.edu,js{*hY$}z04I<F,Elsi,Haddleston,456-527-4734
238,bschulke6l@wikia.com,sum2'j2#),Barnaby,Schulke,
239,flyptrade6m@issuu.com,qV|DMu)P(,Fern,Lyptrade,887-748-2657
240,aohanlon6n@ning.com,"tb)!wrZ#CC#""i$0",Ambros,O'Hanlon,909-125-2316
241,abice6o@instagram.com,gu|%Rf{3MnRP/K,Antonio,Bice,140-850-6849
242,shurley6p@cpanel.net,"bpF8t+Y\a,",Saunders,Hurley,731-552-2517
243,lfalk6q@devhub.com,xY9<qOs60Q<.R,Lindie,Falk,974-778-6009
244,dkenworthey6r@skype.com,ugb&s*@@,Dolly,Kenworthey,551-426-4778
245,cfountian6s@fema.gov,"l""5!CgTf'B",Cecil,Fountian,
246,tlerohan6t@goodreads.com,awJ@U=`)Pb9K62Z!,Tiena,Lerohan,
247,gbolitho6u@meetup.com,"me?Qw%,2Brb|{",Gare,Bolitho,
248,rabendroth6v@arizona.edu,xB%fnxI?q\Ry,Ruddy,Abendroth,444-701-1471
249,trichley6w@sfgate.com,pd2OEgU$|xG2&o,Trudi,Richley,360-633-9468
250,edwyr6x@360.cn,xu`KCBqaCEh.X#1',Elliot,Dwyr,783-166-2126
251,amorican6y@nba.com,lTtm%UCh2,Abel,Morican,361-260-4895
252,mmaha6z@thetimes.co.uk,o|tZIZu\N7.j,Mathew,Maha,839-889-0619
253,mgwalter70@paypal.com,f9KpHEW3,Miller,Gwalter,184-362-9971
254,hcristol71@forbes.com,uMS0RcEU4x/!xA,Herve,Cristol,
255,rdumper72@flavors.me,bA}33h7k@r3J_It,Ruy,Dumper,142-585-9722
256,hsumnall73@mozilla.com,zwi6X}6VFhAmUS9,Haley,Sumnall,224-213-8405
257,aschirak74@hhs.gov,"u$_dm\,{'ZgU|E{",Aubert,Schirak,437-345-3235
258,lroles75@vistaprint.com,s|j7.Wpw2#%SK,Laughton,Roles,894-633-7409
259,ezealy76@state.gov,oI=jvI812nT\@qs,Erny,Zealy,793-980-1467
260,jreid77@ustream.tv,"ylIEGh6""mU/nb",Julian,Reid,
261,wdunstone78@miibeian.gov.cn,eZa18E#R,Wood,Dunstone,901-995-4898
262,ckasperski79@devhub.com,wB+K8~fZBs/B),Carmelle,Kasperski,332-609-4014
263,maugustin7a@symantec.com,iL{grP~~/pQWj=,Madelle,Augustin,195-855-6885
264,tstucke7b@earthlink.net,z58`Cw36Qp2Y8~,Torrin,Stucke,544-650-7552
265,atipling7c@jimdo.com,"c.V""hP)QQypM1u",Abagail,Tipling,806-768-2806
266,ldooman7d@studiopress.com,mlw@8@J<5~B,Laurie,Dooman,770-842-2446
267,apash7e@weebly.com,m/B|d\I&G1m2&,Aharon,Pash,
268,mtoal7f@virginia.edu,wB&Lg$#`%x6yio9E,Mareah,Toal,732-435-7999
269,tharbin7g@hubpages.com,plm`oC#bAqSDF.a,Trace,Harbin,930-818-4652
270,cmompesson7h@nbcnews.com,h4tF//O0?L=,Carolyn,Mompesson,280-308-0664
271,dhache7i@zdnet.com,"j8DokC81A""E",Dulcinea,Hache,504-284-8194
272,vlopez7j@alibaba.com,"o""?%><)2rkARx7Sq",Violet,Lopez,270-260-9387
273,cyitzovicz7k@free.fr,g+BT#vslZM,Clayborn,Yitzovicz,181-358-7916
274,jchapman7l@irs.gov,yI$+48jhq95Gd#,Jsandye,Chapman,473-500-8098
275,jgrogono7m@springer.com,"hb>~/!D(ne@/a,",Jehu,Grogono,674-292-6851
276,mtudge7n@topsy.com,t<3VxHXx_6lcc,Marysa,Tudge,362-688-5365
277,aderrett7o@github.com,"y'Y\wOZ,q~",Amanda,Derrett,760-571-4307
278,fgreystock7p@printfriendly.com,k$4EgIFQck,Fredek,Greystock,754-151-9897
279,edunderdale7q@prnewswire.com,hVmthhAoFKfW{/XI,Eli,Dunderdale,124-727-4626
280,mdriffe7r@imageshack.us,s#?bxNO=,Merell,Driffe,353-996-2717
281,dalexandersen7s@google.cn,i}fuYil2\yWhwB,Drake,Alexandersen,562-615-4373
282,vbroyd7t@instagram.com,ls?5|_fet79h6BvD,Viviana,Broyd,830-104-1714
283,bbosley7u@bluehost.com,"dU<z(#c,",Bobbi,Bosley,800-852-6905
284,amort7v@is.gd,u`6CtErjYBM(pgy,April,Mort,885-899-3023
285,etrase7w@hugedomains.com,"d#zVB@da""j",Elise,Trase,543-312-1794
286,dzarfat7x@t.co,vuuo`>jAwU,Dell,Zarfat,553-729-1598
287,cpietri7y@hatena.ne.jp,v#uF@e`hJ2,Curr,Pietri,682-759-1300
288,lheppner7z@unicef.org,"r1,1}nJZ/`'pjfp",Lacey,Heppner,940-994-5983
289,mjenkinson80@loc.gov,jt$KZfxv)V=|ho,Marcello,Jenkinson,386-307-3598
290,mbowhey81@aol.com,hLY}I`ZL.i,Marsh,Bowhey,433-821-2135
291,egatehouse82@samsung.com,vRim`MdN$/gNVd,Evvie,Gatehouse,757-669-3921
292,llittefair83@webeden.co.uk,cdq#098Kf6N),Lonnard,Littefair,761-884-3302
293,sfewlass84@constantcontact.com,k!V)}g{~\5\pz,Starlin,Fewlass,824-144-7416
294,bcochran85@unc.edu,f)P$sjEdiq_e8,Brant,Cochran,505-546-8113
295,jbeauchamp86@spiegel.de,"uedT%z}dCl""9",Jenifer,Beauchamp,
296,gmackintosh87@google.es,ec+IJq`$9=NJ>(!p,Gwenette,MacKintosh,706-706-1440
297,tginnally88@discuz.net,jf\&AHcVV*A,Tanner,Ginnally,454-631-5013
298,obaldrick89@oracle.com,yKd})2\<wi7h,Osborne,Baldrick,531-856-2980
299,etrundler8a@nasa.gov,jH~vJeB+M.pQC/h,Emmery,Trundler,361-803-6928
300,dverne8b@gizmodo.com,gvV7{PH~6}bV,Darci,Verne,809-613-1336
301,wwhitehall8c@soundcloud.com,rA{Uj$0=G~k}&\@,Wadsworth,Whitehall,
302,nbrogi8d@spiegel.de,sMqv<MT|,Noach,Brogi,
303,grillstone8e@typepad.com,uVmxgdL3,Gibby,Rillstone,297-751-4596
304,gkettel8f@about.me,v~MPxgqg!,Gwenora,Kettel,160-610-0391
305,atomasicchio8g@google.pl,gq|4c~i#9em6y,Andriana,Tomasicchio,220-996-1684
306,ocaffery8h@ox.ac.uk,a7n7>/v0'4a4p,Orson,Caffery,925-574-3617
307,awarin8i@t.co,dnST_4v3,Adan,Warin,
308,cjeffcoat8j@joomla.org,iVD\Xl\+Hhf|dc,Curry,Jeffcoat,402-773-5621
309,lraymen8k@utexas.edu,"t5_L""OLNv=NzE",Lemmy,Raymen,
310,icrauford8l@elegantthemes.com,k7EpF7t+_yixE0tA,Isa,Crauford,634-664-8304
311,pditchett8m@ezinearticles.com,qIg&'G@38K$_,Piggy,Ditchett,728-357-8228
312,tfarnaby8n@tinypic.com,rB/yhbx5BYh,Torr,Farnaby,346-409-3059
313,cscoble8o@4shared.com,z$l#R**`,Cece,Scoble,
314,kdonat8p@last.fm,aRM4e#3Wo6U'5>L,Katleen,Donat,353-852-0334
315,evalero8q@twitter.com,cPTI#U!B<FDhx,Estrellita,Valero,680-217-6836
316,craybould8r@intel.com,xFs#gU8H(,Corinne,Raybould,618-862-2517
317,ogaiford8s@de.vu,g\SUe3#r_lI6b2=,Orelee,Gaiford,782-213-6311
318,dbeeckx8t@naver.com,m40N({zn{jz'3,Derwin,Beeckx,633-136-0560
319,lwordsworth8u@rakuten.co.jp,uqjyi~et,Loutitia,Wordsworth,
320,sdanilewicz8v@youtu.be,iyP00Qtlh,Sidonnie,Danilewicz,
321,ldenziloe8w@hatena.ne.jp,"lz,(WMqx9b1DDTvX",Leighton,Denziloe,797-296-3253
322,cparrot8x@youtu.be,boFyqF4RV,Clark,Parrot,651-554-1217
323,bmorriarty8y@arstechnica.com,y/3??pTCU_u*&_lX,Brier,Morriarty,495-501-4294
324,eyeoland8z@infoseek.co.jp,up$uSwLI\u5A+),Emmott,Yeoland,160-571-5579
325,fsewill90@imdb.com,c5Kc1rkaY,Francyne,Sewill,955-206-2529
326,ableazard91@businessinsider.com,"ml""w+Y0fx4T\Ob+",Adler,Bleazard,303-448-6556
327,bhallihane92@reuters.com,appa'mWod`nJQE,Boone,Hallihane,673-755-6344
328,ddilliway93@shareasale.com,"zZK'a/%<A)v%""",Doralynne,Dilliway,284-399-1293
329,neyles94@icio.us,cN13t~<l(,Nevin,Eyles,840-739-1910
330,abassil95@flavors.me,"guV&!}qc>_S""",Aldric,Bassil,651-810-8031
331,bdavitt96@gravatar.com,xyCHCG0?@6z!dFG#,Brent,Davitt,434-824-9183
332,rmatokhnin97@foxnews.com,n(sUT>}v0Jb%,Rollins,Matokhnin,156-822-5407
333,klosseljong98@digg.com,tg*yTS$A6~Qmg2,Kesley,Losseljong,390-890-7686
334,cbalsdon99@stanford.edu,qPt7@VK@8)o9,Casper,Balsdon,497-979-9662
335,ljime9a@go.com,p&~.ar`w2sF`evgE,Lola,Jime,114-309-9580
336,abaxter9b@dagondesign.com,"z`|k""HbRP@f",Abeu,Baxter,873-412-0523
337,bbront9c@yandex.ru,d@\da>gF4,Berti,Bront,914-576-6144
338,rstreatley9d@myspace.com,"zFUsj(GK<z9w,a7",Ronnie,Streatley,852-862-7057
339,pcastaneda9e@dmoz.org,hF%(sOTJ,Phillip,Castaneda,848-212-0843
340,mcaulfield9f@state.gov,wfYE`ZfKyq,Maddie,Caulfield,405-510-3970
341,gtant9g@tripod.com,i++Of5i1X&{1&,Gustaf,Tant,252-830-7171
342,vhoyes9h@lulu.com,c>@bV1XW,Vernice,Hoyes,861-977-3178
343,ldambrogi9i@webmd.com,"nu{d,Gk$hI>mTYp",Lindsay,D'Ambrogi,940-792-8838
344,rgabby9j@mozilla.org,"n<bH5""!`Y>u",Royce,Gabby,
345,fbreheny9k@google.com,pl'vRWV'+YBAH,Fayre,Breheny,833-709-4147
346,pfallowes9l@shareasale.com,nzZ.J.)H,Prissie,Fallowes,995-740-5526
347,jklimke9m@biglobe.ne.jp,rB1H<ubVj/a@$k,Jayme,Klimke,588-914-4448
348,owieprecht9n@blogspot.com,w94~h5o7(|,Ofella,Wieprecht,886-834-0763
349,bsomes9o@cnet.com,q$u=X#SQ,Beck,Somes,698-251-9241
350,gmunby9p@nymag.com,mlv$v?$d1@,Gayle,Munby,473-657-1359
351,pricci9q@oaic.gov.au,"q.hyd&v""j9Q<!7Q""",Pierre,Ricci,334-835-6941
352,ckruschev9r@nyu.edu,pVB)/YBdNqr#>},Cinnamon,Kruschev,569-653-0348
353,agolightly9s@live.com,qH=}iDB2,Adelaide,Golightly,382-754-8031
354,tgisburn9t@hostgator.com,iNtcbl*>77gTc|,Tasia,Gisburn,518-937-5617
355,ntettersell9u@free.fr,rpkI@ZVr#V*9,Newton,Tettersell,
356,jdenziloe9v@parallels.com,pd&3azBFl,Johna,Denziloe,622-285-3884
357,ckevlin9w@techcrunch.com,kRwAftG`x|H'@1Lw,Chantal,Kevlin,679-428-4055
358,dchidzoy9x@mac.com,"o?zb2x@""",Dene,Chidzoy,
359,mglazier9y@w3.org,aqMr?{{|_Pj'?8O,Magdalen,Glazier,680-535-8644
360,ecettell9z@blog.com,e*iP|Jf8o7eP,Elyse,Cettell,713-724-5075
361,fkenricka0@latimes.com,q~HgJpt/MwnXhy3B,Ferdinand,Kenrick,914-100-6723
362,mbandea1@geocities.com,d883\kJ)|aw4JP,Meta,Bande,354-142-5226
363,ataksa2@who.int,fzSm4O%?,Arlyne,Taks,795-988-3382
364,jphilbina3@archive.org,o.fI)|\9<,Jewelle,Philbin,927-460-5296
365,icorboulda4@eepurl.com,"r#,!nHS_z4u.",Iggy,Corbould,849-276-5968
366,kwoolgera5@cmu.edu,gqAu?XJsPswkyj@*,Korie,Woolger,169-754-4262
367,slighternessa6@studiopress.com,zEmMm|I29yNUE@H,Salvatore,Lighterness,912-328-4434
368,trosbottoma7@ycombinator.com,"kIE)Sa~n4M""x",Tedmund,Rosbottom,278-828-0246
369,visaacsa8@livejournal.com,s=MM5_\1/FBLxj6A,Vale,Isaacs,537-382-4970
370,dstreeta9@yandex.ru,l'xItUX)(Q28,Dorian,Street,977-159-8921
371,plunbechaa@newsvine.com,qn/Wa5pO%,Patrick,Lunbech,808-108-6579
372,dtregidoab@dailymotion.com,u5fW2pjTJ4,Daile,Tregido,163-507-3134
373,bkretschmerac@discovery.com,fDhb_I*\'q/*@kt,Burr,Kretschmer,553-353-9539
374,ldyetad@unesco.org,sQox/.5kV,Lani,Dyet,525-790-4986
375,odalziellae@gnu.org,lBn6{F?NAWFi,Ode,Dalziell,
376,rballefantaf@myspace.com,ufz.Cef`#P5g7d0e,Rori,Ballefant,405-864-6641
377,icheleyag@ed.gov,jM7o1xg$N6,Ida,Cheley,102-825-4523
378,grodwayah@live.com,"jPYfA3\)fH%1F,@s",Garry,Rodway,254-796-2064
379,serdelyai@sphinn.com,rqDQR6JZ#,Sunny,Erdely,659-724-5309
380,ccrosseaj@businessinsider.com,uaNq0OH\,Carr,Crosse,898-457-0279
381,rawtyak@msn.com,xQ*7C$.=I*Jp,Rex,Awty,157-805-7439
382,mhatfullal@reverbnation.com,bgsDp*?L2|<\,Morgun,Hatfull,902-107-0118
383,gpiddockeam@tamu.edu,wq5xu`(C~8W,Georgine,Piddocke,732-244-2780
384,mplayfordan@163.com,j=GU+Mwy?XJx,Morgan,Playford,478-161-6681
385,amiddisao@hugedomains.com,nz\>H/gjc=q,Albrecht,Middis,
386,nvedenisovap@noaa.gov,pl}xTThKQ36r/aV,Nessie,Vedenisov,350-406-1717
387,iallicockaq@purevolume.com,b/7D4Tkw)%BlXvpu,Ingrid,Allicock,288-416-8209
388,cbrookziear@sitemeter.com,n4DGC40ZlxU=QU12,Cyndie,Brookzie,
389,gdymottas@ocn.ne.jp,olj2AhxYbarS,Gav,Dymott,869-757-9572
390,gwicksat@ning.com,"q,MYD@kS~*Mjm",Giulio,Wicks,139-104-5105
391,ewattsau@yandex.ru,l9'o&!p(EV&,Emmey,Watts,296-683-9021
392,dkeepeav@nih.gov,"i9a~%,~7Z",Dillon,Keepe,643-608-4187
393,fbaxandallaw@sbwire.com,vC8%T.9OU0,Fairleigh,Baxandall,877-798-8310
394,gadiscotax@elegantthemes.com,p~E1|a\BKGZ,Georgie,Adiscot,689-987-1575
395,aayreay@seesaa.net,ecc$&LAExGE=u,Alicia,Ayre,500-927-6242
396,sphillippaz@nydailynews.com,"rWkY,4&5$'h_GC+",Starr,Phillipp,173-509-8536
397,mtorrittib0@squarespace.com,a/h?%/(K`PCBGI,Morena,Torritti,396-162-5260
398,aalbersb1@stumbleupon.com,vaFn~JPw+&a,Alexandra,Albers,
399,sodonovanb2@tinypic.com,s{#a`BSLTePfE.,Selestina,O'Donovan,771-774-7409
400,ljessopb3@aol.com,vflX#I8|4C+BLKp,Libby,Jessop,119-966-8549
401,jlorimerb4@yellowbook.com,f(qhtK\|<wR?,Jocko,Lorimer,400-609-2721
402,jmatveyevb5@scientificamerican.com,"p~,/""3Tl>QF4",Jase,Matveyev,158-755-4260
403,sdoudnyb6@netvibes.com,u#q}7`<%|py/.o=,Sherilyn,Doudny,450-291-0839
404,fcorsellesb7@is.gd,u5#Pp)6<a,Flossy,Corselles,952-931-4934
405,ehaccletonb8@lycos.com,myVBs\0W,Emanuel,Haccleton,904-776-9436
406,ithurlbeckb9@typepad.com,"lJ|h9K`5Vy|!,R",Ira,Thurlbeck,957-188-4851
407,rdarnellba@google.com.hk,tp/4TNBp,Randy,Darnell,293-464-2682
408,kdavisbb@slashdot.org,ma/o&o.{*$dh4d,Karla,Davis,494-985-4809
409,tcopleybc@i2i.jp,zhQl2~ncNIC,Terrance,Copley,266-683-3574
410,cglaviasbd@over-blog.com,z3XIG1!l3t\j,Christoph,Glavias,476-126-3115
411,obugdenbe@usda.gov,jq!w.R1)6eu,Olly,Bugden,505-297-5832
412,charkusbf@mayoclinic.com,a\q2s/*5,Corinna,Harkus,677-888-2826
413,shaighbg@cbsnews.com,mkG+BhT_X,Sosanna,Haigh,730-459-5479
414,adonahobh@google.co.jp,qO{2LHO<,Astra,Donaho,828-128-9962
415,pvasichevbi@yellowbook.com,yUaup13@yUf=,Porter,Vasichev,156-103-5982
416,whaythornthwaitebj@netlog.com,"ex""wasQf|`#",Willy,Haythornthwaite,722-389-4865
417,kcausticbk@lulu.com,oO~9l/x+Av,Korney,Caustic,
418,garboinbl@zdnet.com,bs<+<HGZ04,Ginnifer,Arboin,749-477-6747
419,eyoungsbm@pcworld.com,gb(?10$/b,Eldredge,Youngs,428-515-2047
420,sdeverickbn@xrea.com,nQW%y~/`,Shirline,Deverick,
421,dnoakesbo@webnode.com,f8<O4J\aE4Q,Darcee,Noakes,836-827-3167
422,djensonbp@amazonaws.com,c8/}cTw=U|l{,Devora,Jenson,544-313-1240
423,tpashebq@networkadvertising.org,fPJjH9CV!A!u{g,Teddy,Pashe,943-481-9763
424,kpickardbr@java.com,y'q.}pQ&h),Krystle,Pickard,525-245-8134
425,moluwatoyinbs@ft.com,m9sQfROv\bYVNgKZ,Morissa,Oluwatoyin,304-593-9340
426,ckeppbt@nih.gov,"i?L,aD}_ZBU",Camey,Kepp,595-726-7954
427,rdawberbu@mayoclinic.com,uws@TWtJX?#6(,Rachael,Dawber,473-726-8019
428,yparduebv@reference.com,"w56>,3SI6&/)'",Yank,Pardue,769-875-9268
429,lsyalvesterbw@nbcnews.com,b=dT1Cc{(&wn&8,Leola,Syalvester,783-883-9812
430,rsoeirobx@loc.gov,"dfs,LH,=""F!//A",Raf,Soeiro,135-923-1263
431,calkinsby@uiuc.edu,d#y3B}{j=E%KF,Cristie,Alkins,295-394-4166
432,tmcgennbz@spiegel.de,rJ6AOBG#<,Teodora,McGenn,988-539-5263
433,dwarnerc0@narod.ru,f'hYv`xyXnajkIgH,Derry,Warner,936-359-1965
434,vmassingerc1@sciencedirect.com,x8e1NcLUnErAR,Viviyan,Massinger,311-764-3985
435,mburdyttc2@ning.com,"i""v&!TT!`Mc`yL~",Marianna,Burdytt,364-441-9795
436,avanbrugc3@upenn.edu,bhxAji1EwV,Ami,Van Brug,
437,dphilippc4@dedecms.com,erHAFi3)%kiR.,Dilly,Philipp,155-259-5981
438,ofritzc5@cnn.com,raf*q_OJ,Olive,Fritz,507-888-2566
439,saltic6@washingtonpost.com,i~.E>ADC4(rkeMIc,Shannon,Alti,846-436-1842
440,cdaccac7@npr.org,"a%n+9(e*JPR""O*q",Courtney,Dacca,694-545-7754
441,naneleyc8@themeforest.net,kq3oPAAQa,Noellyn,Aneley,635-846-2412
442,zmulrenanc9@businessinsider.com,x4?Fx5~WM~%p(,Zachery,Mulrenan,373-852-9967
443,alinckeca@list-manage.com,jx/SX}(xu)@A~,Allyson,Lincke,828-777-0456
444,gdellascalacb@sohu.com,"d<\+$fDu""|/+",Guenevere,Della Scala,563-305-2857
445,ppechardcc@loc.gov,q1ShAvnC,Papagena,Pechard,
446,syesipovcd@cnet.com,y8/UP6_#X=a6py@,Sara,Yesipov,467-160-5498
447,pcafferkyce@aol.com,tuV)y@yCu&L,Pancho,Cafferky,888-383-2602
448,cblaasecf@omniture.com,suVn5TYe,Claire,Blaase,380-140-1900
449,bmcclauriecg@dedecms.com,pOmeW90T`B,Barr,McClaurie,883-174-3340
450,ewandlessch@mail.ru,dmYZ)L%mwY&@,Estelle,Wandless,
451,mswanneci@globo.com,g\qkV$W!&xAI,Marjory,Swanne,979-298-1353
452,hbethunecj@github.com,cd}@?C!7,Hallsy,Bethune,993-595-7576
453,phackneyck@devhub.com,za$_&xBWu{N<DA,Pearline,Hackney,597-302-7939
454,aostcl@economist.com,dFCS*55d$,Artur,Ost,861-336-9933
455,peveritcm@over-blog.com,acb8>ZV.e9!$>bI,Paula,Everit,906-387-7140
456,bpfeiffercn@webmd.com,"cFlZO6,4_Si",Berrie,Pfeiffer,526-676-1538
457,adavidsenco@ifeng.com,"qUCtprC,.a~j",Antoinette,Davidsen,564-836-2824
458,imontecp@bbc.co.uk,habU8Zd%PA|n,Ingram,Monte,829-585-4425
459,khansillcq@imdb.com,r6sCS}5mLE~H,Kitty,Hansill,
460,dnodecr@cargocollective.com,lr(cLNT1,Debora,Node,292-656-3878
461,carrancs@elegantthemes.com,"z)?Q$""""K""hRLv",Clemmie,Arran,679-228-9150
462,cdeightonct@goo.ne.jp,c!9Aelqg,Carmella,Deighton,530-646-7147
463,rkennfordcu@desdev.cn,r9zfZ|z3.9KSV,Raddy,Kennford,104-191-8007
464,kgorringecv@tumblr.com,b$li8ps2r,Karlee,Gorringe,925-376-9978
465,ccaustoncw@hao123.com,dhE/U8Kz{S,Corbie,Causton,965-189-4945
466,tperhamcx@scientificamerican.com,u*5Jx{&W>rxL.,Thatcher,Perham,192-630-3605
467,aricardcy@uol.com.br,b=$WvnS(,Aimil,Ricard,628-151-2807
468,fhizircz@europa.eu,w1(=3UBwg3oz,Fawn,Hizir,154-468-7713
469,cmckerleyd0@businesswire.com,d2P\~{X*LEB,Candis,Mc-Kerley,190-721-4731
470,odeppend1@infoseek.co.jp,"k,eZu\97}jXd",Obediah,Deppen,639-875-9568
471,gdulind2@vkontakte.ru,"jraui,N=",Godiva,Dulin,
472,dsportond3@naver.com,n<Y7_QyK,Dolores,Sporton,148-516-3256
473,lniccolsd4@ameblo.jp,uEX<l.RX_ueTTAJ,Lorry,Niccols,996-418-2727
474,tgiblingd5@deliciousdays.com,y_v$xT7Mj(yEB*kd,Torrie,Gibling,918-737-8949
475,phamperd6@uiuc.edu,oD5EilN'2,Patrick,Hamper,694-898-8845
476,tcornesd7@is.gd,bpm5o$4L,Tobie,Cornes,
477,ljackalind8@i2i.jp,u'\}GKC?WXJv?,Lezley,Jackalin,412-442-3701
478,belietd9@yahoo.com,"wy,S(N%08|jH""+S",Benny,Eliet,492-915-1594
479,cslocombeda@hc360.com,l&4#\Or3`VMNuy,Corey,Slocombe,251-238-8389
480,ndaughterydb@com.com,mZ!Df~N)lasS9.,Nollie,Daughtery,330-639-3316
481,eandoverdc@wp.com,bVzb=OEAMLKb,Edi,Andover,704-584-6533
482,aspeekdd@businessweek.com,lMi.~hae,Audra,Speek,386-551-9691
483,jbumphriesde@bloglines.com,"ux5,T#(XdneU.",Josefa,Bumphries,583-148-2593
484,jmurleydf@uol.com.br,"gFLW1=jFlA(""$",Jerrilyn,Murley,419-720-6973
485,gravenhillsdg@admin.ch,j_lC0jPQt,Goldi,Ravenhills,699-814-0078
486,lsawkindh@booking.com,hj(`hOdFzx_8b,Lorne,Sawkin,815-739-8127
487,nelrickdi@pinterest.com,yPaR2*rK1u_7f5,Nerty,Elrick,190-202-8330
488,phurriondj@ucla.edu,xlY.Rle?$dWnEr,Patsy,Hurrion,295-119-4134
489,ruddendk@usnews.com,a0OV</~aajFM&u,Remy,Udden,104-706-5781
490,kvelezdl@spiegel.de,"qbwDt3Ocrn9*aR""J",Kelley,Velez,890-947-2790
491,jmoortondm@ucla.edu,b0Zh80~)%`NY<U2<,Jermaine,Moorton,317-685-5175
492,arhucroftdn@miibeian.gov.cn,rh4/F}*q#DK,Ashly,Rhucroft,878-225-7701
493,jskittralldo@about.com,"s(rLy.f6k""3E.h9",Janice,Skittrall,528-708-1963
494,rhardistydp@marriott.com,luGc1g<q0K_*`,Ransell,Hardisty,391-643-4914
495,lphilipssondq@51.la,xgZ+WQ\LB)aO=7m,Ludovico,Philipsson,174-759-4121
496,rdurdendr@hugedomains.com,l'i/5xF'h7\3`%@,Reinald,Durden,586-294-5846
497,dbrownhillds@yahoo.co.jp,xH!$%Fs=,Ddene,Brownhill,995-957-6147
498,aweekdt@cornell.edu,ox4=@J#J%=,Arlan,Week,441-431-6690
499,lkeigherdu@ask.com,c!d3*/Xt+gc,Lissie,Keigher,
500,aclarkewilliamsdv@blogger.com,s1=cqW'BW7m~j,Aldrich,Clarke-Williams,719-841-1465
501,cbenfelldw@mtv.com,pbn$CxGAAgW,Chrysler,Benfell,606-209-8372
502,dvallintinedx@sbwire.com,yf\cGt74T6u,Deck,Vallintine,992-934-2939
503,gdayleydy@un.org,a_Q|2\cnP7z66N,Gregoor,Dayley,879-792-0168
504,pjelkesdz@mail.ru,o{Z{_o_1hP=,Pearle,Jelkes,475-852-5684
505,rrumkee0@adobe.com,gf?J<<=3,Rutledge,Rumke,387-593-5771
506,jbroxtone1@i2i.jp,uL\))d&QUdGpp\CH,Juieta,Broxton,263-354-3339
507,urymelle2@seesaa.net,aW6G6|C{J.h,Urbanus,Rymell,748-512-2658
508,surliche3@google.ca,"n2Y}b&,HHpa_`",Stafford,Urlich,159-491-3044
509,lcoville4@gmpg.org,"n|<,Xyp?9mkf|",L;urette,Covill,185-845-8214
510,klittrike5@wunderground.com,fp7ml}tCz{)GMMx.,Kincaid,Littrik,412-726-7301
511,iseftone6@is.gd,f1XXL4=&rDO#XW,Ileana,Sefton,816-314-3720
512,kferreae7@cornell.edu,"sC~@?>&<PX""p",Konstantine,Ferrea,486-495-3457
513,wleape8@mapquest.com,gOGoNnL>nr\d0,William,Leap,355-431-4686
514,gdecleynee9@jimdo.com,k47?oWVJ,Goldy,De Cleyne,734-347-4510
515,shalmea@ox.ac.uk,ohrWEKf+,Shelagh,Halm,347-186-7280
516,delnereb@list-manage.com,zZfiwH10{6lhw,Demeter,Elner,562-872-8661
517,bcastilloec@disqus.com,prjuiLoCY|@NRV@@,Bernadina,Castillo,730-618-4251
518,nsertined@wufoo.com,mo5fhYz4Wb(=s(L,Nikkie,Sertin,738-666-5919
519,mjostanee@army.mil,wTZsnopih,Marin,Jostan,260-789-3552
520,lgravenoref@netvibes.com,l*tMp&x5L{,Louis,Gravenor,386-310-3479
521,bpetrouliseg@netscape.com,zjD#uAdvtKoYo?F,Bartholomeo,Petroulis,
522,rgriereh@cocolog-nifty.com,d%tllIag4ar,Rick,Grier,178-937-5892
523,pbromageei@cdbaby.com,e@Zn+ig!Lnrz0I,Pearla,Bromage,
524,ltyhurstej@amazon.de,p1C'tyVGe,Lynette,Tyhurst,344-502-7907
525,bbanaszkiewiczek@pen.io,eWfL<OTnB6es,Bondon,Banaszkiewicz,793-931-4051
526,dpobjayel@bizjournals.com,b1c?52<|CE,Deny,Pobjay,862-484-0882
527,sluckem@cnet.com,n&i0x92SRe$,Sophia,Luck,334-634-7377
528,bambroisen@digg.com,k)NSaK!~V\*fjW5S,Britni,Ambrois,432-285-9599
529,gterzzaeo@discovery.com,h8'aetF$s,Goldi,Terzza,849-120-3705
530,wajeanep@ebay.co.uk,cpkvA{yc,Waneta,Ajean,312-419-1595
531,afirbankeq@gov.uk,tz<'nP.wkGD4xmK,Ashlin,Firbank,
532,osawooder@i2i.jp,g`=9YK(Njmg,Osbourn,Sawood,764-594-5663
533,sguestees@behance.net,aV5WACXjzI8,Suzy,Gueste,625-989-3357
534,rfeenyet@so-net.ne.jp,o9<FaI(?UqUA|E,Raf,Feeny,
535,gsenteu@scientificamerican.com,hxMz$Uaw68QK|2zW,Giffard,Sent,456-545-2698
536,thallibertonev@cbsnews.com,yT@qdv8)e@\,Tiebout,Halliberton,312-508-7059
537,kkershowew@skype.com,z/m&B!&C,Kalvin,Kershow,651-478-6890
538,ibendeex@mail.ru,a)m*\9XOF3W$Sq<,Izzy,Bende,131-629-2943
539,ineeshamey@webnode.com,cw2xcx?4*i1Px},Ileane,Neesham,901-579-3374
540,talvaresez@t-online.de,q~<tfUt)#rf7/\G,Tiffi,Alvares,364-325-7935
541,nteaseyf0@discovery.com,kxF?yv+q>),Norah,Teasey,
542,cbanaszewskif1@ftc.gov,r'ko.Zj>%!(U,Carolan,Banaszewski,504-944-0381
543,kmundellf2@rakuten.co.jp,"dw%?}'{{6P?""1j",Kipp,Mundell,542-502-8468
544,skierf3@friendfeed.com,qCA`KxqzU\F,Syd,Kier,185-539-1938
545,kturpinf4@kickstarter.com,xz'kOB<zQpN/,Kori,Turpin,137-735-6006
546,celementf5@wp.com,n.4S}pu?ne7`qkF,Curran,Element,550-759-6952
547,alamploughf6@vimeo.com,"sE@{FRr,uT%e5,/!",Arleta,Lamplough,573-795-6555
548,asalatinof7@discuz.net,kd4xKg41`Q,Ade,Salatino,800-859-4619
549,oreschkef8@cdc.gov,kZ0J2aB)F,Odille,Reschke,286-323-5211
550,vsperringf9@nih.gov,t)#9ut>5,Vinny,Sperring,366-541-0866
551,bdikesfa@vinaora.com,jqmB}aUt,Boycie,Dikes,202-697-5775
552,erodriguezfb@kickstarter.com,zSO0U8Qm0cys3r,Elicia,Rodriguez,195-819-6720
553,cwestheadfc@wikipedia.org,q9D@/jCy._,Chryste,Westhead,938-694-7491
554,cvaudfd@stumbleupon.com,hs)PS\jU/o,Chandler,Vaud,391-375-4296
555,lkingsnodefe@ovh.net,rCP=+&'<7=,Lauri,Kingsnode,841-145-4158
556,edakersff@youtube.com,"n?xG09Q""Mb4Kr",Emmeline,Dakers,
557,rportefg@shareasale.com,v{F%(\Dm!b,Ripley,Porte,965-118-9571
558,hpirolinifh@slate.com,txh+Ib4!3,Hurley,Pirolini,947-481-4895
559,aheningamfi@dell.com,v32`j=HnN,Arie,Heningam,
560,twalleyfj@toplist.cz,xR)*C/h/DY~H.SvU,Terza,Walley,456-215-6238
561,edefontfk@edublogs.org,"lX,p<aZRPP)H!C",Euphemia,Defont,995-784-1556
562,jjobeyfl@mtv.com,"mL""_OE}@#sD<~%n",Jillie,Jobey,478-223-5479
563,iharriganfm@e-recht24.de,j@p6c_IHn,Iris,Harrigan,681-511-0791
564,dkenchingtonfn@blogger.com,"k=+8VqRUdD""y8T(j",Dorry,Kenchington,631-695-4976
565,bhugnotfo@goodreads.com,a6JjC0~wC,Barnabe,Hugnot,546-551-5174
566,kkerrichfp@netscape.com,az2gkp+HXTc,Kat,Kerrich,638-726-7642
567,apriestfq@eventbrite.com,"iaV,85<`.3s",Adina,Priest,647-742-2327
568,hbraynefr@wired.com,i%QWKL4J>&|IXN,Hunfredo,Brayne,
569,cbenardfs@ftc.gov,g.HbR9G4S.oW+XY*,Cosme,Benard,195-879-9739
570,jcockrenft@china.com.cn,v9<a!$Bi@H,Jsandye,Cockren,342-883-0427
571,nfarmiloefu@ebay.co.uk,o+ZDhE2J/,Nataniel,Farmiloe,381-709-2852
572,apettitfv@tmall.com,"q#o#=uty""jlIS/n",Aili,Pettit,
573,ecarasfw@columbia.edu,"x""ST.B9zn)L",Enrika,Caras,407-597-4489
574,dmcneishfx@taobao.com,nK}WG'l!E,Debra,McNeish,810-931-1551
575,djeacopfy@chron.com,xYXetbz++RmtEZ,Daile,Jeacop,727-345-1758
576,gbessonfz@huffingtonpost.com,mx*cbc<#t,Genni,Besson,609-421-1333
577,mgowlettg0@examiner.com,h_qkS#TW1B%2N3h,Mort,Gowlett,509-564-8702
578,ngibbyg1@psu.edu,uce%?n*y,Nicolais,Gibby,957-416-3715
579,cloxlyg2@oakley.com,c)r&Dh@.KDp,Christel,Loxly,227-931-3332
580,smcduffg3@wikipedia.org,g<hM42t%QM5,Sigvard,McDuff,808-585-9440
581,gcayleyg4@sbwire.com,"j4xJ')`,'",Gerard,Cayley,369-222-0028
582,htorrentg5@php.net,qTC!Njd{Jie,Hermie,Torrent,708-560-1408
583,sbittlestoneg6@smugmug.com,"pL!bgsY""up",Siobhan,Bittlestone,635-256-6424
584,kbridleg7@newyorker.com,iRx92t2YO|v$),Kippy,Bridle,405-824-9505
585,lchesleyg8@bluehost.com,yhK9q|r#qB7?hD,Lizzy,Chesley,349-427-3862
586,akemstong9@live.com,inl<vpY`&ao5C,Allyce,Kemston,890-659-0922
587,cbeartupga@telegraph.co.uk,vrwVp}(_7C7f19I$,Claribel,Beartup,681-403-1585
588,cdurnfordgb@unesco.org,"e~cO"">TDSH%BE<5",Carmella,Durnford,316-927-0379
589,jburghergc@elpais.com,i+X&eeo@93|`7@y*,Juliet,Burgher,668-279-0610
590,nprigggd@parallels.com,gD#|gZ7EHoBqmt,Nate,Prigg,722-154-4683
591,epothburyge@irs.gov,ovMc\~>aD|rNB\e,Ervin,Pothbury,638-405-1949
592,sedgegf@ask.com,"nCE!+Ow!FmU""C5",Stephie,Edge,143-124-7285
593,jorneblowgg@oaic.gov.au,"hFE'|}i{""vC",Joanna,Orneblow,509-802-5313
594,ckingsnodgh@comsenz.com,iWYCk?a8uq5Q,Cirstoforo,Kingsnod,643-183-0071
595,dhuytongi@miitbeian.gov.cn,tQq'MnKZ|W,Daphna,Huyton,125-933-6848
596,twildengj@house.gov,"h!{Wp0<""nrttEGbH",Toddie,Wilden,981-492-5656
597,nriddelgk@cornell.edu,w%ORXhz!a',Normie,Riddel,714-200-1237
598,clairdcraiggl@etsy.com,j\J'pXAXW8t&,Candis,Laird-Craig,340-617-8912
599,epippinggm@angelfire.com,m>FHX>+C>~tQ,Ester,Pipping,159-388-7937
600,koldengn@clickbank.net,oKI('E=l,Krissie,Olden,797-370-2437
601,thamelgo@cnet.com,xCe{AW><}},Taylor,Hamel,638-832-1152
602,bcourtingp@soup.io,wKnJ!hsyD>dNk,Basilio,Courtin,731-794-2775
603,temmertgq@mapquest.com,jZj)j01s%,Tanny,Emmert,775-610-0015
604,estokegr@elpais.com,q2<Eqr<yLngu3!,Eamon,Stoke,454-305-2948
605,fgeorgeongs@feedburner.com,yz|msz}~4y'o,Farrel,Georgeon,652-439-2157
606,trexgt@cdc.gov,b|+IK|H5x1K!aU,Tanya,Rex,327-458-6306
607,ddoiggu@archive.org,zM*Jh>LwSCH/E,Dulcia,Doig,178-356-8581
608,tflavertygv@ed.gov,qz4)v%cOd~y3,Theodore,Flaverty,338-275-6343
609,sbotterellgw@symantec.com,pk8?kPqyv(e+4d5B,Sherman,Botterell,754-671-0874
610,dpurriergx@desdev.cn,"w,oM9HBo8{""bDn",Derwin,Purrier,145-914-5226
611,dbonallackgy@discuz.net,wcWqI(fG~JuIp,Drusie,Bonallack,266-441-0310
612,achapellgz@spotify.com,"cCoZ=,O}cMO'y",Abbot,Chapell,925-603-9186
613,sbrabanth0@ebay.com,"n,SW6n}Y3ZW7",Svend,Brabant,208-201-4012
614,mfalksh1@craigslist.org,"e!K6,?pt/O*V!",Margie,Falks,
615,hstiffh2@dot.gov,dn9L7'90NW*Ch,Harli,Stiff,419-468-0391
616,voxtibyh3@nymag.com,ghlG`|(Q+UNoe,Vernen,Oxtiby,624-748-6093
617,bpirth4@skype.com,j8Hr*#rHZaw$JN%,Barris,Pirt,750-116-0544
618,afurphyh5@wordpress.org,hXD2xZgG?hr3,Annamarie,Furphy,
619,fshirrellh6@nyu.edu,"h<0n%8q,0~9=P@",Forster,Shirrell,786-233-1367
620,jdickyh7@cpanel.net,"m8L6}Es""0o?I",Jereme,Dicky,386-352-7982
621,ashoulerh8@census.gov,"v{$Lk{,#_",Adolphus,Shouler,725-977-1136
622,lgeekieh9@blog.com,rwn+%FpJ9I>ti,Lorene,Geekie,586-881-7769
623,mismayha@wix.com,h8dYo}.@2L0gHd,Miquela,Ismay,271-257-8162
624,lfranklinghb@microsoft.com,l9u4\R?6gv/,Lloyd,Frankling,598-485-0956
625,mkarpmannhc@hostgator.com,dS9q_n4z&,Meade,Karpmann,905-146-1868
626,fattleehd@gov.uk,sLR_oT31MQUi19,Filip,Attlee,261-517-0849
627,ariccardellihe@unesco.org,u!HRUBnj,Atlante,Riccardelli,135-461-0971
628,soruanehf@opensource.org,"b(+4,8A>0Sc6x",Stacee,O'Ruane,554-450-3199
629,zmitroshinovhg@reddit.com,"i%U`1jQP.|""H\5",Zorine,Mitroshinov,713-210-6922
630,mrazzellhh@boston.com,ufH0K9lb,Myrle,Razzell,153-569-1256
631,csimcockhi@blogspot.com,i$9HuxPx,Clio,Simcock,412-171-0602
632,jdaubyhj@adobe.com,lR+7_4Nl,Jim,Dauby,704-339-5499
633,ggudgerhk@cocolog-nifty.com,"b""b{l2_`2m&?EOu",Grove,Gudger,
634,jdilkeshl@nba.com,"j,*ZhbKaG>Z",Jeff,Dilkes,518-261-2314
635,livanonkohm@stanford.edu,eN$t*1x9B6H5a)n,Lauritz,Ivanonko,350-427-9264
636,lratcliffehn@google.com.hk,"j<5Uh""XxUWlA<y",Lorry,Ratcliffe,373-760-0225
637,gmclaneho@japanpost.jp,d~tT`BQ9r,Gussi,McLane,414-901-8512
638,ilamershp@ovh.net,ot0Ejio0,Ingrim,Lamers,898-933-7941
639,ssturchhq@sohu.com,wcetS>l<nt+0,Shirlee,Sturch,914-743-3359
640,bsaunierhr@umn.edu,jYL)G~g`U><E9EF,Bax,Saunier,614-741-0163
641,bglassopphs@sitemeter.com,"zXC+_CH""YSb925",Bentlee,Glassopp,924-387-2334
642,ngildersleavesht@wikipedia.org,"z,sJ_Eu?p""I",Nyssa,Gildersleaves,775-975-4401
643,lcosbyhu@psu.edu,"t""Fa'vCQ8yGb%",Luci,Cosby,114-981-5453
644,jroebyhv@cbslocal.com,c%Mpe2_A?$Ft_=Bn,Joly,Roeby,112-336-8723
645,aroneyhw@hatena.ne.jp,c%hT\c&rL,Amy,Roney,242-550-6748
646,gwharltonhx@cargocollective.com,h6gglEoXv0a&t.,Garwin,Wharlton,163-347-8311
647,hcellierhy@wordpress.com,u1h&zXma6{A{x)J%,Harman,Cellier,728-454-1245
648,dwiltshearhz@springer.com,sTqsIlMeD<~j*5,Delmor,Wiltshear,343-930-6284
649,ndietmari0@geocities.jp,"n'@+_pG@dgC""9&|",Nathalia,Dietmar,149-305-3515
650,gzanazzii1@yolasite.com,ci6ZiBlDR!vPu1d,Gray,Zanazzi,577-929-1336
651,wkleinsmuntzi2@imageshack.us,fC3qRlMf96%@,Walsh,Kleinsmuntz,740-633-0729
652,kheusticei3@imgur.com,t4n3H@A!|Oqf,Karilynn,Heustice,
653,bfranceschii4@narod.ru,w&ES@DR&.t)w,Bale,Franceschi,
654,mheatheri5@pagesperso-orange.fr,kHTc)|Yhz>$X#N,Melody,Heather,499-245-0945
655,lgiraudoui6@wunderground.com,p'=1k'!ae1>a,Lara,Giraudou,894-855-7569
656,pjonesi7@bizjournals.com,fgM8hvAVsf6$bS,Pooh,Jones,442-901-0594
657,dboathi8@chicagotribune.com,q6+&etxP+,Dodie,Boath,401-639-1594
658,tholtomi9@soup.io,bbr\v+=*R,Tabatha,Holtom,736-478-3572
659,jmcphilemyia@nymag.com,o)pzIq>`?v,Jerrold,McPhilemy,920-297-2076
660,dmccurtib@multiply.com,"qwA<zO,l%@wwU",Dorrie,McCurt,713-752-3876
661,vlehrmannic@w3.org,"dxH""K3IUWNcIi.#",Valida,Lehrmann,965-854-5210
662,famorid@trellian.com,oULz'G?y|#,Fredek,Amor,586-123-7421
663,mstilliardie@de.vu,hPDi=OuUc,Maynord,Stilliard,995-751-1915
664,vtrymmeif@omniture.com,pP6mD8yj$),Venita,Trymme,220-841-2064
665,sdiaperig@cpanel.net,vHlbA(vCf<.W0|,Stevana,Diaper,877-409-2706
666,jmassimiih@globo.com,zeZ1QTk3J1W,Juli,Massimi,679-718-9893
667,bheddanii@jiathis.com,x(jYg%'@n.NrBH,Benyamin,Heddan,670-191-8724
668,ncampoij@oaic.gov.au,"me58tdY_`@3""o6n",Noble,Campo,106-503-9064
669,dgerrelsik@youtube.com,hxBRiNG%_7a,Desmond,Gerrels,915-421-3253
670,aliepinsil@ifeng.com,e3V<u\yKuv}wETu,Addie,Liepins,501-656-3202
671,afitzsymonsim@cnn.com,o|k_pGCydC~q,Agneta,Fitzsymons,
672,jbeinin@slashdot.org,"wFSnZ)$nFJ,nEe",Janos,Bein,121-819-6402
673,idoverio@cnn.com,c\8vm4srG\n7,Isaiah,Dover,465-867-7832
674,flawsip@tumblr.com,"zH0$+""`i*aLuJji",Felicia,Laws,269-305-5350
675,vstroudiq@redcross.org,kDX(0_K),Virgilio,Stroud,512-713-9649
676,sbalthasarir@cocolog-nifty.com,ek0wO_|y?2,Silva,Balthasar,278-693-2928
677,spaceyis@unesco.org,dY$GOd!l@,Shawna,Pacey,821-101-1709
678,evowellsit@lycos.com,vb7(hurZSgJ\$,Elisabeth,Vowells,852-637-6613
679,dblumireiu@homestead.com,j=r`t0e`Xno}a}5Z,Delainey,Blumire,708-795-5850
680,klefeaveriv@nymag.com,j|+.Iy8O|,Kissie,Le feaver,414-211-9113
681,rweiniw@istockphoto.com,"hSw!<GcFrGwp&,}N",Rochette,Wein,316-355-4365
682,kgallihawkix@wikipedia.org,st7KU(qB4X,Koren,Gallihawk,
683,ssiggiy@miitbeian.gov.cn,ulqzWZQKbBj,Shoshana,Sigg,411-585-6131
684,balloneiz@imgur.com,uviskYVwDaJZp,Brenda,Allone,214-164-4500
685,kgeffenj0@reddit.com,eperxBqcVi8cHd+,Karney,Geffen,709-766-2774
686,kminerj1@lycos.com,mh@_E40A~_=}_B,Kipp,Miner,741-315-6433
687,mtresvinaj2@toplist.cz,qnlmJjflz$8{Y$.x,Markus,Tresvina,876-918-4794
688,cdunthornej3@1688.com,xeYuJs%cH+p$7H$,Cornela,Dunthorne,256-447-4818
689,gledbetterj4@senate.gov,eTbpALgaz@)Kog7',Gawen,Ledbetter,851-469-8303
690,cridingj5@yale.edu,x.{AJNC@$6+0,Chrisse,Riding,533-201-3694
691,inicholj6@princeton.edu,bE!Qr!xI,Isador,Nichol,954-970-8668
692,agallenj7@mit.edu,w6&5>(P`{7TB,Ardenia,Gallen,
693,mlowresj8@over-blog.com,c.E3HSTpAc'83,Maxim,Lowres,654-463-3393
694,nscardifieldj9@dion.ne.jp,cib/Zqb**&,Nikolos,Scardifield,730-201-8436
695,ddankersleyja@goo.ne.jp,uq@lM&C8,Dewitt,Dankersley,966-854-1115
696,hiacabuccijb@nhs.uk,tNZ{MUM''7=,Hank,Iacabucci,950-646-5676
697,glewsleyjc@ycombinator.com,fYCyYr3ix,Georgine,Lewsley,788-967-2581
698,crolfinijd@webs.com,"i>\A(5V7su)k""$Uv",Corri,Rolfini,116-112-0293
699,relsmereje@nba.com,r${0F<\_P6,Rahal,Elsmere,
700,lclelandjf@weebly.com,r!gp'ScLcY,Lamar,Cleland,293-144-5175
701,jdeverosejg@t-online.de,y+P4~Ey',Jere,Deverose,718-944-8109
702,rbilsonjh@bloglovin.com,z%V$IwJnP5c7I,Robbyn,Bilson,695-956-8919
703,wcordieji@hhs.gov,qgLJxLo2,Winona,Cordie,519-494-1314
704,rbinfieldjj@china.com.cn,sp+WvBg5$H\}Ac,Reamonn,Binfield,415-393-4475
705,smccaffertyjk@last.fm,t~JfkezJ,Silva,McCafferty,459-274-1274
706,lwakefieldjl@redcross.org,l%`\oe?Pub=$/c/,Lonna,Wakefield,788-255-0576
707,gvescojm@ucoz.com,"iO)`s9g/"")Og_uB",Gayel,Vesco,638-902-8481
708,rbreazealljn@msu.edu,aWJYlSVID/,Rik,Breazeall,688-242-1074
709,hbluemanjo@salon.com,bin1JPZii=9d!7,Halimeda,Blueman,933-849-2422
710,sroomejp@myspace.com,w?GC?8b#p,Sheila,Roome,923-368-1589
711,sthurberjq@buzzfeed.com,aHk1|{44kCRR3X,Sonja,Thurber,240-671-4525
712,ecornelleaujr@bing.com,r`O)6|s=){f0&9Me,Elwira,Cornelleau,273-935-6858
713,cmooresjs@amazon.co.uk,"u=B@p~M""rY""1",Christabel,Moores,586-655-0997
714,rbananejt@blog.com,"o9w<m,)}'",Rufe,Banane,416-375-7209
715,mburrageju@comsenz.com,s~S7HeuU'E_)f`_m,Minda,Burrage,888-833-7744
716,galvesjv@bizjournals.com,oHyhSRD0}v,Glenna,Alves,893-916-3683
717,dvaslerjw@npr.org,b`@gVYY?e_GqS),Dan,Vasler,127-505-4022
718,erismanjx@pinterest.com,gEBaL+/{O$%ubPiT,Eugenius,Risman,581-804-0369
719,lstretejy@list-manage.com,cS/JY|ctj!zY,Libby,Strete,284-839-1253
720,giacovaccijz@mtv.com,qA_}w|Ke,Georgette,Iacovacci,202-937-2376
721,cbarrassek0@amazon.com,sp%$CB.DJNj_9r~i,Cesaro,Barrasse,826-729-6378
722,eadamk1@reverbnation.com,"dY,ZQfKT8",Em,Adam,938-156-4934
723,ddiggesk2@examiner.com,m2NqEM)?A.<'Z,Darleen,Digges,493-499-4213
724,rparlattk3@amazon.co.uk,kTjsXj4=m,Roseanne,Parlatt,782-665-8529
725,anealyk4@pen.io,uaZjfXLvR/y7,Arnaldo,Nealy,309-205-3076
726,ctrouelk5@people.com.cn,k=/X&Ibi/4HZO2y,Catriona,Trouel,171-974-3096
727,dginsiek6@netscape.com,fuRw0sJ#q!W2QO|,Danit,Ginsie,242-611-2011
728,cdiblek7@disqus.com,"llyZRo)4%Jm,!1lY",Cindee,Dible,100-865-2830
729,wbutrimovichk8@livejournal.com,s=S8=_e8{1m$2PzE,Wynnie,Butrimovich,676-904-7609
730,lmorlingk9@trellian.com,eAoK8xQw.@u\R,Lizette,Morling,513-230-0888
731,catwaterka@wikipedia.org,"kil5jrf9kA'CI5H""",Cherice,Atwater,334-384-9753
732,kskoughmankb@free.fr,q?Jg`1`j'l+XF`,Kasper,Skoughman,271-336-4420
733,fgregolettikc@usatoday.com,swM4>!JN,Forrester,Gregoletti,198-371-3135
734,elazenbykd@nba.com,h(QNdT@%,Elianora,Lazenby,349-970-3821
735,lknowllerke@over-blog.com,z65W7.U!rT'9,Lindy,Knowller,961-533-8440
736,rakettkf@123-reg.co.uk,bo|+vLTrW%zO,Rose,Akett,
737,tpresterkg@hugedomains.com,pgyIycxWZiK8k8C,Tedmund,Prester,921-629-8004
738,anowaczykkh@nbcnews.com,cZ`c1m/|,Allan,Nowaczyk,545-725-5755
739,ecerroki@shinystat.com,"so''""_J1A2dR",Estel,Cerro,298-998-5970
740,lmyrtlekj@eventbrite.com,evr|'gW!_@3_s!0L,Laurella,Myrtle,117-542-7399
741,ohrihorovichkk@fc2.com,xA\rsAqm,Orelee,Hrihorovich,883-408-3063
742,vpollicattkl@blogs.com,apv9O8u7,Violette,Pollicatt,608-992-5484
743,hvignekm@cdbaby.com,"y,f""""\jSWa",Herculie,Vigne,
744,baxtenkn@slate.com,pH\gg?Zq/@fH,Betty,Axten,
745,jhanesko@google.nl,znx4_idR<+dkIr!3,Justinian,Hanes,345-135-7423
746,rmccreadiekp@cisco.com,cudMKX@EX,Rosemaria,McCreadie,755-223-9962
747,pminerkq@google.es,k?FW_P}Arev,Penny,Miner,968-161-9713
748,pwoodisonkr@alexa.com,"x,~0J)Nc3#{",Pearla,Woodison,650-621-1658
749,abarnissks@ifeng.com,uo86bH<SjpifRd,Allis,Barniss,105-836-8694
750,glangelaankt@github.com,kfkE@b~lwDh,Genvieve,Langelaan,
751,aeccleshallku@is.gd,i&N~YwY/aH_B,Angelita,Eccleshall,
752,dadamkv@nyu.edu,krO$EY{7Vj1W,Dory,Adam,465-808-7119
753,klorantkw@hc360.com,jh)uyr'L=?PAb7,Kirby,Lorant,842-718-5691
754,kmilvertonkx@dell.com,p{DMEMGxbUDfNP,Kay,Milverton,204-805-6677
755,acovelleky@telegraph.co.uk,oKvUo%Y$5*8Oa,Annmarie,Covelle,550-558-1346
756,mpitbladokz@hhs.gov,q8F\suC/42'9%S&,Miller,Pitblado,373-729-5678
757,ymazeyl0@cisco.com,qgRNHyHRF,Yehudi,Mazey,883-798-8345
758,hwainel1@stumbleupon.com,o8CsphY7OSzU4,Hatty,Waine,398-856-9411
759,mshewanl2@over-blog.com,n}No~BVWF,Morse,Shewan,742-500-8230
760,rfewkesl3@npr.org,ec.Z?yZ6a,Reuven,Fewkes,598-884-3752
761,mmartonfil4@a8.net,"mw$XZFgd'c+j>""7",Myrle,Martonfi,253-867-0131
762,tphilol5@biglobe.ne.jp,jaG0OZG@Vu7YA=r,Trev,Philo,854-689-0348
763,sworrilll6@netvibes.com,h'Jei|Y1#$H),Shellie,Worrill,887-964-9095
764,gshaylorl7@shutterfly.com,p{Cx*}KMm2j4,Giana,Shaylor,214-193-3412
765,hsimaol8@baidu.com,"zJzLcI,DiXv3",Haskel,Simao,393-692-9473
766,bbelzl9@discovery.com,y=#v61n5iK1\jrs,Brynn,Belz,359-841-3152
767,tfulstowla@feedburner.com,r0L#Do&h,Tucker,Fulstow,353-348-3305
768,abourgourdlb@redcross.org,p't8Zz(/}IE0U1l5,Angil,Bourgourd,892-556-5935
769,zoldridgelc@amazon.de,yN#agOYUmYP!,Zacharia,Oldridge,324-325-7888
770,mbrould@google.ru,uvh&sd}1?{,Mitzi,Brou,149-926-3368
771,mcodale@va.gov,j3*#LeiweE#Q1@e#,Marcus,Coda,244-971-5170
772,cvinerlf@nyu.edu,"s""r4B47Fm5kO",Clarie,Viner,261-608-6018
773,gwabersichlg@studiopress.com,vtV<ZU)P+wYZ,Gare,Wabersich,137-753-6753
774,cmcinteelh@gizmodo.com,"wIjfM""Uab/6",Constancy,McIntee,681-191-1345
775,hcowansli@networksolutions.com,yjBH95~~Wv',Hillard,Cowans,
776,hpulleylj@example.com,ao!i+FyD\lwV,Helen-elizabeth,Pulley,411-599-7063
777,ihartzenberglk@jigsy.com,wl}7eDQ~hE0_bK`,Innis,Hartzenberg,495-196-5019
778,gbelitzll@surveymonkey.com,lwo&'DI~Oz,Gardiner,Belitz,959-999-5271
779,bquenelllm@paypal.com,ta0=zP`/C,Bonni,Quenell,321-914-5259
780,omoulsterln@netlog.com,nMQ/1sGsL>,Ortensia,Moulster,322-699-7527
781,bcomellilo@aboutads.info,uYuRQbSy3G,Briana,Comelli,551-793-1785
782,aabrehartlp@illinois.edu,"r<b#(su""k",Allyn,Abrehart,333-951-5641
783,ctacklelq@storify.com,"q,?cwwmm55z7Cd",Clea,Tackle,969-447-2697
784,sbarklylr@ezinearticles.com,m5LE0=by)lZ<hS,Sydney,Barkly,483-639-1795
785,mupshallls@independent.co.uk,b?rqeZZL&}aHw,Matty,Upshall,182-164-8838
786,gragdalelt@xrea.com,h%I(ODiDS0pL,Garner,Ragdale,191-119-1975
787,kasplu@slate.com,"h+3Her$YA""",Kakalina,Asp,397-798-9489
788,ecraskelv@elpais.com,nk)h?t>#Ck4)Y,Emyle,Craske,841-316-6371
789,mstephenslw@howstuffworks.com,bf8+?*>rK=2b0JVN,Maegan,Stephens,303-328-0529
790,abourleylx@cam.ac.uk,gYgchc)5BHX,Adele,Bourley,835-662-1628
791,mbraemerly@ebay.com,"lb+6TBkYOg15,Wt""",Marney,Braemer,219-183-8829
792,gcavylz@blogger.com,j(HikSDb*St,Georas,Cavy,395-552-4224
793,qpresideym0@github.io,"yhHVb""(iq",Quinta,Presidey,406-771-2436
794,cgraylingm1@csmonitor.com,rh57DRFb*,Celeste,Grayling,888-938-5829
795,gvickarsm2@flickr.com,fsDJ#=S?dCtVO,Gerardo,Vickars,922-788-7986
796,eaddingtonm3@nih.gov,oKH~*j2}OD{vw+,Emelen,Addington,794-763-5661
797,pcanerom4@elegantthemes.com,"y+XBnx""Jmj'd",Poul,Canero,356-966-3330
798,hbernadonm5@php.net,m$u28ne1av,Harlan,Bernadon,158-812-3333
799,ckellingm6@jimdo.com,izHDO|'sZv_NU&,Clement,Kelling,224-767-1892
800,kduchatelm7@twitpic.com,"vWl#@=lB,@",Kary,Duchatel,508-766-3765
801,anutkinm8@weibo.com,jsmAA\Uhdm)&$ref,Anson,Nutkin,565-274-4330
802,cstaintonskinnm9@pbs.org,xrej2XSTKZ>},Con,Stainton - Skinn,319-443-4622
803,kferryma@whitehouse.gov,r9drP'|Eh,Kerry,Ferry,702-859-1410
804,tfriftmb@oakley.com,j{)JvL(dS,Tillie,Frift,937-348-6361
805,pdecreuzemc@apache.org,p!F/z8KA',Paxon,Decreuze,356-552-1885
806,rbeacroftmd@imgur.com,eLxB(kGeVC|a,Rutledge,Beacroft,183-709-6615
807,kmanchettme@printfriendly.com,sxA?R_DM0139~ZQ,Karmen,Manchett,616-191-6883
808,nghelardimf@fastcompany.com,wF31LMu_CVi|8,Nigel,Ghelardi,415-860-2844
809,bmacwhanmg@facebook.com,k897{5%Axe<O,Bridgette,MacWhan,171-261-7225
810,fbryentonmh@hostgator.com,"aioezOqV""Its@7b",Florian,Bryenton,
811,thopkinsmi@mtv.com,l=bJr(?p9LnE,Toma,Hopkins,347-234-5723
812,kvernallmj@foxnews.com,c_(\Mu2tCl,Korney,Vernall,501-770-2855
813,iwytchardmk@oaic.gov.au,jbNNNMBY,Inge,Wytchard,253-569-9388
814,hcoverlyml@live.com,"se1&3&D}|m1YH""z1",Hillier,Coverly,595-839-5981
815,dfieldgatemm@vistaprint.com,l{<`HGPcb#{g,Dacie,Fieldgate,259-945-3878
816,hmerredymn@shutterfly.com,hQpOy7hP1t_)?,Hamlen,Merredy,
817,mlatteymo@forbes.com,"e"")$smA_Y'jK",Myrta,Lattey,796-881-9744
818,jspavenmp@usnews.com,sDsO1U{@,Juliane,Spaven,627-625-4236
819,creggianimq@blogspot.com,yt}=)T/>v*7,Cornall,Reggiani,712-390-0061
820,slayemr@creativecommons.org,vc|&=08d0fo,Sheilah,Laye,426-220-7559
821,tdaudrayms@wikipedia.org,"vSictD.b""V@gpOc",Trescha,Daudray,541-763-5252
822,ohulettmt@huffingtonpost.com,"y@O2X9WSR@,M}2n",Olympe,Hulett,
823,claxstonmu@acquirethisname.com,fBD!`5Ukj,Conrado,Laxston,398-233-1676
824,fhalsemv@mayoclinic.com,kj/Wu0yS6.dH=,Ferdy,Halse,807-376-8116
825,ldonaghiemw@devhub.com,"kXPPnr,>&",Lori,Donaghie,162-903-4392
826,mjeyesmx@nba.com,"cHs=A""25&>)gN",Merna,Jeyes,451-933-5662
827,kjeansmy@flavors.me,kn1mBKZnVN>,Kirsteni,Jeans,632-568-8465
828,rgilchriestmz@slate.com,x7t1)j|%X,Rachele,Gilchriest,540-737-3840
829,spulln0@github.io,ny/O#n'%2|,Saraann,Pull,459-830-9297
830,smcelhinneyn1@w3.org,"f_z$@yaxh31,LJ,!",Solly,McElhinney,160-735-8010
831,bhollingsheadn2@jugem.jp,"xP<#!dq\zuVHb%,",Buiron,Hollingshead,562-439-8008
832,lmansken3@artisteer.com,k=EoS0<kcGb,Leese,Manske,359-794-6263
833,lvarkern4@jiathis.com,z_Ie0@SX/?8Q3_,Libby,Varker,678-814-5182
834,lsprulln5@ocn.ne.jp,"feke1Ir*#,KBbm|",Lewes,Sprull,743-424-8627
835,dgoodbarnen6@cdbaby.com,"o?WNPgl58vt""ax",Drucill,Goodbarne,338-177-9935
836,bgarawayn7@themeforest.net,"cO,3>,o)fJWt",Basile,Garaway,241-145-7364
837,mdiperausn8@nih.gov,"bAgI""6xi_T",Maryjo,Diperaus,175-217-3791
838,rdemangeotn9@acquirethisname.com,baJbmBFq{W@~,Randell,Demangeot,
839,cstaggena@kickstarter.com,"vXp""yCa`",Correy,Stagge,612-533-3834
840,hjirziknb@youku.com,"hSNo{%u),m",Hort,Jirzik,795-658-6785
841,cdunnnc@about.com,pyjrFO7T}gq!p.q,Clyve,Dunn,953-295-5456
842,gcromend@weibo.com,waJp&xV4I,Gerta,Crome,791-455-9388
843,lrenardne@springer.com,ok2J.?JzBF@8rba,Lorenza,Renard,240-766-8038
844,hgiovannoninf@cocolog-nifty.com,"z,mZ8!j<px",Herculie,Giovannoni,260-219-5902
845,mquarmbyng@fda.gov,yMHqJ/fePgu,Marmaduke,Quarmby,697-870-9967
846,jcorssennh@purevolume.com,"f,S'gdyro4+mkY",Jaimie,Corssen,716-665-2169
847,acrepelni@jimdo.com,c9Iv>3/QM9exs4t,Ardine,Crepel,836-170-4301
848,kmechemnj@cam.ac.uk,wlV./Di{Utf1UA$,Kassie,Mechem,875-811-6631
849,asemkennk@geocities.jp,g#Kv?D'P't,Abigale,Semken,733-481-9584
850,sfreckeltonnl@fema.gov,tsOwY/$BfmX&}wNc,Shoshana,Freckelton,360-688-9402
851,nmagnarnm@scientificamerican.com,"abrf$y4Qr"">rj",Nick,Magnar,896-418-6365
852,lwarboysnn@t-online.de,"zE*f&+6""x",Leonerd,Warboys,582-244-1285
853,gthalmannno@issuu.com,iPglk*9Ul){},Gerald,Thalmann,306-877-6894
854,kbraundsnp@phoca.cz,"iV,28rKM~OHk6nj",Keriann,Braunds,870-231-8032
855,cgooderenq@fda.gov,"m(dZKA8(O*Wul""",Cullen,Goodere,851-441-8882
856,fheavisidenr@edublogs.org,oBu?LCYT0>,Fletcher,Heaviside,908-587-3654
857,jmoncurns@mit.edu,w|gWq79B8LhiIn,Jobi,Moncur,760-433-7415
858,jbusennt@who.int,d\1?N<ib5%M0?!k7,Julia,Busen,741-473-8669
859,tnancenu@jugem.jp,l1Y$w}8l,Toiboid,Nance,753-954-6182
860,tmattianv@oracle.com,"b|*Z`.f,/8",Terri,Mattia,296-884-5555
861,fanstissnw@jigsy.com,hyjrZ@sa`n{#+os,Flori,Anstiss,743-566-6335
862,astreatleynx@barnesandnoble.com,q+wV)SgY19$01oL%,Alika,Streatley,
863,lknightny@dagondesign.com,fj$Hc@%o2J,Linzy,Knight,363-856-1148
864,arubinshteinnz@blog.com,yhD)=)TVI_JV%9,Alisha,Rubinshtein,112-255-0028
865,ffilkovo0@sfgate.com,o52d=U./C>e,Faun,Filkov,
866,lolyhaneo1@nymag.com,u3_V|xwd5>SxV,Leonardo,O'Lyhane,107-775-0325
867,lwrateso2@tuttocitta.it,xkEFVREr0'|p',Lois,Wrates,916-866-6795
868,ggalegoo3@vk.com,v*h?sYNYcmctmya?,Gisela,Galego,
869,gsamartho4@ucoz.com,sNFdGILeuY{)Hs,Giffie,Samarth,872-482-3867
870,bkorfo5@gmpg.org,erw9>N}j*0,Brier,Korf,356-208-3266
871,ajuhrukeo6@live.com,kNC0/sKvuKR2Z,Amitie,Juhruke,
872,rwilliamsono7@si.edu,txU#sruDh,Ritchie,Williamson,229-957-3561
873,cdurtnalo8@addthis.com,zOED%Pw4f,Carmine,Durtnal,366-881-9123
874,clehenmanno9@free.fr,"y|qY9J""&vOn6~DLt",Clareta,Lehenmann,155-776-1116
875,wmurkittoa@opensource.org,"j+L,R8LQui7I@o",Wilfred,Murkitt,424-633-3460
876,bnanaob@reddit.com,o>ftDXHY4Cp'27lK,Brunhilde,Nana,955-912-1699
877,fstandidgeoc@google.co.uk,a_eC>OIV{~BEgf=,Fraser,Standidge,417-398-9886
878,ykinnachod@edublogs.org,wn3Pp_a_6D(&)ll,Yolande,Kinnach,430-349-6762
879,battiwilloe@kickstarter.com,rRy@R_Ji6,Bertine,Attiwill,
880,bnorwichof@macromedia.com,sY/%XfVyJ)Gb,Bobina,Norwich,947-290-4609
881,amcguinleyog@redcross.org,px@W/7RnBY*p'f,Alexina,McGuinley,806-657-0486
882,flochheadoh@washington.edu,dd)*&3L\,Fianna,Lochhead,
883,aescreetoi@icq.com,cHLEW2j#!vpx,Augy,Escreet,802-723-6465
884,candrysiakoj@hp.com,e_7{fb`DtJ_g,Catie,Andrysiak,142-952-5341
885,mlaverok@hud.gov,qN8`Moy2v,Malia,Laver,222-896-0462
886,bsandyfordol@spotify.com,g%M)c90E,Bettine,Sandyford,597-387-8437
887,pmciverom@ycombinator.com,c_/74A(R<,Prent,McIver,148-660-0546
888,dmellowson@prlog.org,kTKrDMq&pfgMR<A4,Delaney,Mellows,129-882-1079
889,sliverockoo@pbs.org,o!GJ}if}Wm,Sylvia,Liverock,832-761-3331
890,cwapleop@cyberchimps.com,e*mwn|9/USr,Cathleen,Waple,618-334-8525
891,acolingoq@homestead.com,jKz6h#Evnc11j,Aharon,Coling,937-696-0830
892,ecolesor@disqus.com,l0g6j|P!W=_&!i8,Erin,Coles,720-793-5604
893,jwhitelawos@ted.com,lLt&SLQg=,Jenda,Whitelaw,679-678-1277
894,mduffyot@merriam-webster.com,e9L/D@\j`4~6EM,Meredeth,Duffy,372-983-2577
895,jscuttsou@livejournal.com,oI>K.FZeN57f1Qy0,Judd,Scutts,959-347-0855
896,zcreanov@homestead.com,"vFKskTj""8uy\PfEp",Zachary,Crean,270-357-5189
897,lsauvenow@harvard.edu,e{Ndn+0OJ{h,Luella,Sauven,424-615-7289
898,ebrunstanox@qq.com,azO6/?Sh,Eleanor,Brunstan,942-956-8931
899,lkalinskyoy@skype.com,p{}_9(sWy,Lynnette,Kalinsky,371-109-0604
900,btoveyoz@squarespace.com,w0op~l#rODL(,Bertrando,Tovey,
901,lgerdtsp0@behance.net,o(~svV2w!#Gb,Lara,Gerdts,671-450-5265
902,astrottonp1@tinypic.com,bY#Ep(Gd&@g~R~fm,Alina,Strotton,141-588-3308
903,gbleasdillep2@gizmodo.com,"e=@`+,l4P)0#u",Gayler,Bleasdille,286-667-2375
904,froebottomp3@acquirethisname.com,z#VcF*!RlrEi&4,Frank,Roebottom,
905,vphinnessyp4@prweb.com,c#cyq*Vo`JzgE4)`,Vallie,Phinnessy,594-884-3524
906,cgauvainp5@sbwire.com,kX%Ww$onE7w,Celestia,Gauvain,913-105-9650
907,wbordessap6@unicef.org,d+hlkYLp,Warren,Bordessa,653-175-4008
908,tstuttmanp7@walmart.com,qtOT.PgM9Fndb1,Tonya,Stuttman,379-527-7961
909,netheridgep8@cargocollective.com,iIUyNsTGPA,Nonna,Etheridge,352-761-5444
910,rmacdiarmidp9@ebay.com,adIGJwd1YZ,Robbie,MacDiarmid,704-314-9821
911,lollierpa@blogtalkradio.com,l&PsoWwuF=Gb/YT{,Levon,Ollier,131-613-4796
912,cbachanskipb@hostgator.com,"rc,MwL3gIY{",Chrissie,Bachanski,134-335-1037
913,fcluneypc@examiner.com,jbKi?qwk8Um8p,Fabio,Cluney,625-268-2668
914,rcolquitpd@bbc.co.uk,xw\v/SNU,Rachelle,Colquit,554-686-1297
915,bweetchpe@sun.com,rT)AWznS}TD#~\,Bronny,Weetch,959-668-7341
916,breaperpf@mozilla.com,a&1s$F9BV,Bambi,Reaper,211-421-6777
917,sheamspg@csmonitor.com,k1x{7m%14,Sonny,Heams,132-683-4168
918,eneevesph@1und1.de,"mR&,pjkZ|zg?xmw",Erich,Neeves,324-228-8022
919,vwyonpi@freewebs.com,x)Z&It0CN,Vail,Wyon,155-898-1289
920,tburdenpj@de.vu,t\$N0+z!Y,Teriann,Burden,651-560-3361
921,cbrahmerpk@sbwire.com,yH.E1O@Xb$I,Cherie,Brahmer,826-796-8669
922,lhugginspl@angelfire.com,a|ujpV=tp!7u,Lorne,Huggins,624-865-2687
923,fcarmodypm@apache.org,a=iUt9A2@HY8>h,Forrester,Carmody,
924,pmacaindreispn@usnews.com,jc8us3v!G4*v`b&,Penny,MacAindreis,355-106-5718
925,onealpo@illinois.edu,b_WGTBd`,Otha,Neal,569-664-1923
926,mblackwellpp@goo.ne.jp,t/`HemY$N,Misha,Blackwell,850-657-1219
927,urosepq@mashable.com,q|1ds@~58,Urbano,Rose,548-358-0452
928,jbalchpr@hugedomains.com,pw+W<gwGN=1g>,Justen,Balch,420-302-6365
929,gverduinps@redcross.org,ash!kbMYP&gt,Guilbert,Verduin,922-718-6111
930,tszachpt@a8.net,iYhj%be3|W(w,Thatch,Szach,761-820-5636
931,phandrickpu@nbcnews.com,n8yzM.=u<,Petronille,Handrick,457-196-0838
932,rpaquetpv@prweb.com,fQM4mR/bC,Roxie,Paquet,284-180-2246
933,kodgerspw@google.fr,h=F5LGO{GN,Kimberlee,Odgers,924-924-4365
934,mvanderplaspx@cbc.ca,h%D@.bQDekx&4,Mauricio,Vanderplas,900-454-8295
935,okilbeepy@bigcartel.com,g8Ci78XYc7%yr0Y,Ossie,Kilbee,161-222-8118
936,iskeppz@mit.edu,"k>e,AIn4",Ibbie,Skep,
937,tdanneilq0@wikimedia.org,k18qD9.sw?rA,Thekla,Danneil,515-992-2110
938,bjellemanq1@who.int,iTwzF_<~,Brittne,Jelleman,399-608-5229
939,cliefq2@berkeley.edu,drI)ZJ<f{cnC0n}w,Carlita,Lief,
940,mruberyq3@oakley.com,"bLPrPey(+,",Marvin,Rubery,882-481-0397
941,flaxenq4@bbc.co.uk,"oq5""y9J$mO@",Farly,Laxen,262-565-4392
942,kmerrimanq5@epa.gov,"j$T*i,bHNkD.HYm",Kristi,Merriman,
943,tmchardyq6@a8.net,f*m0N4Km,Tobit,McHardy,
944,mneichoq7@bbc.co.uk,"kzW""0'VJ3x",Myrta,Neicho,351-496-6608
945,creeseq8@xinhuanet.com,sTWB)w5VM_QF,Claire,Reese,310-392-5731
946,agergherq9@sourceforge.net,a`9q\PS<nl,Ardith,Gergher,623-856-5137
947,hblaszkiewiczqa@google.de,bYCKsp9GuC>k,Hildegaard,Blaszkiewicz,578-172-2478
948,kgrangierqb@behance.net,vero1Abwf%K/R,Karna,Grangier,638-148-6579
949,wcruftqc@is.gd,izGf}+eQ,Wesley,Cruft,165-465-8289
950,abartaliqd@ehow.com,"xq,cm>3KgL5p",Aubry,Bartali,498-197-1325
951,nmanceqe@harvard.edu,b.pK%n6m,Nil,Mance,390-697-8403
952,drylandsqf@163.com,q{Y{|D0)hIshI1sg,Dallis,Rylands,
953,opratchettqg@nydailynews.com,q$Qyw.w5~,Orion,Pratchett,125-434-0342
954,jlockerqh@comcast.net,g$=b`)rimAL,Jobi,Locker,225-441-8303
955,mdonisiqi@yellowpages.com,w'Yf/WM52vy&,Morse,D'Onisi,808-590-3138
956,slutmanqj@dion.ne.jp,c`evpp0<F\T%9,Sig,Lutman,266-987-8124
957,mredmilleqk@si.edu,mR&FxPWe,Mitchael,Redmille,490-630-7764
958,clethburyql@hud.gov,"rE849,h4",Camey,Lethbury,346-475-7977
959,wemmettqm@sourceforge.net,zS8r{Frc7!`fpFWU,Wilburt,Emmett,459-466-6252
960,aburnhamqn@nasa.gov,g2BisS@K,Alessandro,Burnham,314-897-0353
961,dnittoqo@technorati.com,eT+G?Mp555_K,Dina,Nitto,504-765-4640
962,npetracekqp@youtu.be,"j'cnJ,B!v",Niles,Petracek,
963,mjenninsqq@google.ca,nVtyQUXeW')rwZ,Missie,Jennins,334-813-6221
964,lcausbyqr@tripod.com,khSU{+6D4v9u`,Lidia,Causby,440-998-2493
965,cwoodhallqs@blog.com,a5r5.+k_g`Ms,Casar,Woodhall,919-958-4548
966,ccasineqt@psu.edu,"ie~?S4>@""%,K",Candy,Casine,436-449-4664
967,lpettittqu@census.gov,iu(+!<W*g>lbqXt,Lissy,Pettitt,400-297-8710
968,wmacgowqv@dailymail.co.uk,"m?~X,(fs'v'0k|",Weber,MacGow,
969,salthropeqw@acquirethisname.com,tSozAyE0coZFLP,Shoshanna,Althrope,984-772-4487
970,mhaselhurstqx@upenn.edu,"z_""qQdwAH|p2gp",Maire,Haselhurst,903-263-7716
971,dkensetqy@timesonline.co.uk,aY~)|81GJ,Dacy,Kenset,158-880-8688
972,tsculleyqz@vkontakte.ru,oqh9mkX_Kh,Thelma,Sculley,330-109-8611
973,jgiovannillir0@answers.com,dY'})u03,Jackie,Giovannilli,671-986-6619
974,mkeoghaner1@shutterfly.com,iUg/=V1HiWV=,Mallissa,Keoghane,666-519-7852
975,gempletonr2@prlog.org,eN#_<drijajov1/g,Ganny,Empleton,699-913-2552
976,ocomrier3@shinystat.com,kwQOdbG1,Onida,Comrie,675-879-5312
977,gpaulazzir4@sakura.ne.jp,lL5pR`$5(,Gnni,Paulazzi,350-937-6271
978,lmelonbyr5@wisc.edu,yfgW3{4s1\1,Lucky,Melonby,417-302-5304
979,rbarrickr6@phoca.cz,idT>jMnngqBR.,Roddie,Barrick,284-816-7495
980,fmatesr7@house.gov,"d3!,T~`/}n.",Fernanda,Mates,589-274-6851
981,nturler8@google.co.jp,t60`P&tS>#L,Norman,Turle,311-389-1167
982,briddlesdenr9@php.net,"s}oCOQF$C,nQ,V}",Barby,Riddlesden,754-584-2585
983,fboshersra@irs.gov,jC$loTtTch4`,Florida,Boshers,245-852-6278
984,gmcmorlandrb@technorati.com,wM5X+h=>8*,Graig,McMorland,818-545-6421
985,cdraysayrc@guardian.co.uk,rZWsvNyn/,Cameron,Draysay,225-408-0707
986,bwinwoodrd@constantcontact.com,aLn{21ZUCL8n,Budd,Winwood,113-887-7507
987,rseabournere@nbcnews.com,spQ'UJmOMnM,Rip,Seabourne,817-946-1098
988,prodenhurstrf@sitemeter.com,sd'c<9)Y,Pembroke,Rodenhurst,937-643-1203
989,habrehartrg@smugmug.com,qDnafZOWrciir'u,Huntlee,Abrehart,399-180-6177
990,dmciloryrh@amazon.de,aDz&5iG1ymG,Dagny,Mc Ilory,926-714-2572
991,itremayneri@whitehouse.gov,lqXvF>T.M.fa,Iseabal,Tremayne,178-132-8940
992,dnisbyrj@amazonaws.com,"w""wuAOi`R?",Dougy,Nisby,880-308-3801
993,tentresrk@trellian.com,w`qh*7Kg_QWT{>,Tilda,Entres,
994,tsuddickrl@census.gov,"i,\})`Am?%Zd3",Theresa,Suddick,594-696-7854
995,bellettrm@shareasale.com,"a0OjMb""#eyI%VK",Blaire,Ellett,682-100-0834
996,dmcquilkinrn@so-net.ne.jp,iO/Z9Zswmdu(Du,Darrelle,McQuilkin,787-320-5845
997,schazierro@tuttocitta.it,v1Zb)ED\+JN,Stanwood,Chazier,581-932-8488
998,gjadczakrp@dot.gov,"k.6O~VA,'+ITe",Gabrila,Jadczak,215-990-8507
999,tbransdonrq@google.com.hk,st$Ogr=%(A'y!L,Torey,Bransdon,800-944-8732
1000,gwigglesworthrr@skyrock.com,jGW3HnY5O8t_,Georas,Wigglesworth,871-719-5627
